fullId,source,id,datasets,valid,aligned,hasScreenshot,hasThumbnail,hasCleaned,fileType,fileSize,sceneLabel,sceneName,sceneType,deviceId,deviceName,userName,numDepthFrames,numColorFrames,numIMUmeasurements,lastOkStage,createdAt,updatedAt,path
nyuv2.bedroom_0029,nyuv2,bedroom_0029,nyuv2,true,true,True,True,True,ply,9855535,,,bedroom,,,,,,,decimate,,2016-11-21T08:06:25,bedroom_0029
nyuv2.bedroom_0028,nyuv2,bedroom_0028,nyuv2,true,true,True,True,True,ply,3765142,,,bedroom,,,,,,,decimate,,2016-11-21T08:06:25,bedroom_0028
nyuv2.living_room_0043b,nyuv2,living_room_0043b,nyuv2,true,true,True,True,True,ply,14756719,,,living,,,,,,,decimate,,2016-11-21T08:06:54,living_room_0043b
nyuv2.dining_room_0026b,nyuv2,dining_room_0026b,nyuv2,true,true,True,True,True,ply,7731857,,,dining,,,,,,,decimate,,2016-11-21T08:06:41,dining_room_0026b
nyuv2.dining_room_0026a,nyuv2,dining_room_0026a,nyuv2,true,true,True,True,True,ply,7574172,,,dining,,,,,,,decimate,,2016-11-21T08:06:41,dining_room_0026a
nyuv2.living_room_0043a,nyuv2,living_room_0043a,nyuv2,true,true,True,True,True,ply,9585479,,,living,,,,,,,decimate,,2016-11-21T08:06:54,living_room_0043a
nyuv2.bedroom_0021,nyuv2,bedroom_0021,nyuv2,true,true,True,True,True,ply,2688808,,,bedroom,,,,,,,decimate,,2016-11-21T08:06:25,bedroom_0021
nyuv2.bedroom_0020,nyuv2,bedroom_0020,nyuv2,true,true,True,True,True,ply,3620772,,,bedroom,,,,,,,decimate,,2016-11-21T08:06:25,bedroom_0020
nyuv2.bedroom_0023,nyuv2,bedroom_0023,nyuv2,true,true,True,True,True,ply,4150092,,,bedroom,,,,,,,decimate,,2016-11-21T08:06:25,bedroom_0023
nyuv2.bedroom_0022,nyuv2,bedroom_0022,nyuv2,true,true,True,True,True,ply,2213305,,,bedroom,,,,,,,decimate,,2016-11-21T08:06:25,bedroom_0022
nyuv2.bedroom_0025,nyuv2,bedroom_0025,nyuv2,true,true,True,True,True,ply,6592148,,,bedroom,,,,,,,decimate,,2016-11-21T08:06:25,bedroom_0025
nyuv2.bedroom_0024,nyuv2,bedroom_0024,nyuv2,true,true,True,True,True,ply,5070711,,,bedroom,,,,,,,decimate,,2016-11-21T08:06:25,bedroom_0024
nyuv2.bedroom_0027,nyuv2,bedroom_0027,nyuv2,true,true,True,True,True,ply,7420815,,,bedroom,,,,,,,decimate,,2016-11-21T08:06:25,bedroom_0027
nyuv2.bedroom_0026,nyuv2,bedroom_0026,nyuv2,true,true,True,True,True,ply,6714784,,,bedroom,,,,,,,decimate,,2016-11-21T08:06:25,bedroom_0026
nyuv2.living_room_0043c,nyuv2,living_room_0043c,nyuv2,true,true,True,True,True,ply,16171883,,,living,,,,,,,decimate,,2016-11-21T08:06:54,living_room_0043c
nyuv2.home_office_0014,nyuv2,home_office_0014,nyuv2,true,true,True,True,True,ply,3443800,,,home,,,,,,,decimate,,2016-11-21T08:06:44,home_office_0014
nyuv2.home_office_0010,nyuv2,home_office_0010,nyuv2,true,true,True,True,True,ply,3053988,,,home,,,,,,,decimate,,2016-11-21T08:06:44,home_office_0010
nyuv2.home_office_0011,nyuv2,home_office_0011,nyuv2,true,true,True,True,True,ply,3610651,,,home,,,,,,,decimate,,2016-11-21T08:06:44,home_office_0011
nyuv2.home_office_0012,nyuv2,home_office_0012,nyuv2,true,true,True,True,True,ply,2916577,,,home,,,,,,,decimate,,2016-11-21T08:06:44,home_office_0012
nyuv2.home_office_0013,nyuv2,home_office_0013,nyuv2,true,true,True,True,True,ply,1910197,,,home,,,,,,,decimate,,2016-11-21T08:06:44,home_office_0013
nyuv2.living_room_0049b,nyuv2,living_room_0049b,nyuv2,true,true,True,True,True,ply,8065951,,,living,,,,,,,decimate,,2016-11-21T08:06:54,living_room_0049b
nyuv2.student_lounge_0001,nyuv2,student_lounge_0001,nyuv2,true,true,True,True,True,ply,15378795,,,student,,,,,,,decimate,,2016-11-21T08:07:02,student_lounge_0001
nyuv2.office_0008,nyuv2,office_0008,nyuv2,true,true,True,True,True,ply,13034199,,,office,,,,,,,decimate,,2016-11-21T08:06:59,office_0008
nyuv2.office_0009,nyuv2,office_0009,nyuv2,true,true,True,True,True,ply,3750689,,,office,,,,,,,decimate,,2016-11-21T08:06:59,office_0009
nyuv2.bedroom_0115,nyuv2,bedroom_0115,nyuv2,true,true,True,True,True,ply,4135929,,,bedroom,,,,,,,decimate,,2016-11-21T08:06:33,bedroom_0115
nyuv2.bedroom_0114,nyuv2,bedroom_0114,nyuv2,true,true,True,True,True,ply,2691954,,,bedroom,,,,,,,decimate,,2016-11-21T08:06:33,bedroom_0114
nyuv2.bedroom_0117,nyuv2,bedroom_0117,nyuv2,true,true,True,True,True,ply,8021383,,,bedroom,,,,,,,decimate,,2016-11-21T08:06:33,bedroom_0117
nyuv2.bedroom_0116,nyuv2,bedroom_0116,nyuv2,true,true,True,True,True,ply,1915333,,,bedroom,,,,,,,decimate,,2016-11-21T08:06:33,bedroom_0116
nyuv2.bedroom_0058,nyuv2,bedroom_0058,nyuv2,true,,True,True,True,ply,6215833,,,bedroom,,,,,,,recons,,2016-11-21T08:06:28,bedroom_0058
nyuv2.bedroom_0110,nyuv2,bedroom_0110,nyuv2,true,true,True,True,True,ply,5943007,,,bedroom,,,,,,,decimate,,2016-11-21T08:06:32,bedroom_0110
nyuv2.bedroom_0113,nyuv2,bedroom_0113,nyuv2,true,true,True,True,True,ply,3420313,,,bedroom,,,,,,,decimate,,2016-11-21T08:06:33,bedroom_0113
nyuv2.bedroom_0112,nyuv2,bedroom_0112,nyuv2,true,true,True,True,True,ply,3192643,,,bedroom,,,,,,,decimate,,2016-11-21T08:06:32,bedroom_0112
nyuv2.bedroom_0054,nyuv2,bedroom_0054,nyuv2,true,true,True,True,True,ply,6098737,,,bedroom,,,,,,,decimate,,2016-11-21T08:06:28,bedroom_0054
nyuv2.bedroom_0055,nyuv2,bedroom_0055,nyuv2,true,true,True,True,True,ply,2685671,,,bedroom,,,,,,,decimate,,2016-11-21T08:06:28,bedroom_0055
nyuv2.bedroom_0057,nyuv2,bedroom_0057,nyuv2,true,true,True,True,True,ply,4715304,,,bedroom,,,,,,,decimate,,2016-11-21T08:06:28,bedroom_0057
nyuv2.bedroom_0119,nyuv2,bedroom_0119,nyuv2,true,true,True,True,True,ply,3717956,,,bedroom,,,,,,,decimate,,2016-11-21T08:06:33,bedroom_0119
nyuv2.bedroom_0118,nyuv2,bedroom_0118,nyuv2,true,true,True,True,True,ply,2552943,,,bedroom,,,,,,,decimate,,2016-11-21T08:06:33,bedroom_0118
nyuv2.bedroom_0052,nyuv2,bedroom_0052,nyuv2,true,true,True,True,True,ply,6643788,,,bedroom,,,,,,,decimate,,2016-11-21T08:06:28,bedroom_0052
nyuv2.bedroom_0053,nyuv2,bedroom_0053,nyuv2,true,true,True,True,True,ply,4547689,,,bedroom,,,,,,,decimate,,2016-11-21T08:06:28,bedroom_0053
nyuv2.study_0003,nyuv2,study_0003,nyuv2,true,true,True,True,True,ply,4445749,,,study,,,,,,,decimate,,2016-11-21T08:07:02,study_0003
nyuv2.study_room_0003,nyuv2,study_room_0003,nyuv2,true,true,True,True,True,ply,6986753,,,study,,,,,,,decimate,,2016-11-21T08:07:02,study_room_0003
nyuv2.laundry_room_0001,nyuv2,laundry_room_0001,nyuv2,true,true,True,True,True,ply,1196250,,,laundry,,,,,,,decimate,,2016-11-21T08:06:49,laundry_room_0001
nyuv2.cafe_0001c,nyuv2,cafe_0001c,nyuv2,true,true,True,True,True,ply,4110768,,,cafe,,,,,,,decimate,,2016-11-21T08:06:36,cafe_0001c
nyuv2.cafe_0001b,nyuv2,cafe_0001b,nyuv2,true,true,True,True,True,ply,2089888,,,cafe,,,,,,,decimate,,2016-11-21T08:06:36,cafe_0001b
nyuv2.cafe_0001a,nyuv2,cafe_0001a,nyuv2,true,true,True,True,True,ply,3831535,,,cafe,,,,,,,decimate,,2016-11-21T08:06:36,cafe_0001a
nyuv2.living_room_0058,nyuv2,living_room_0058,nyuv2,true,true,True,True,True,ply,18629806,,,living,,,,,,,decimate,,2016-11-21T08:06:55,living_room_0058
nyuv2.bathroom_0045b,nyuv2,bathroom_0045b,nyuv2,true,true,True,True,True,ply,700417,,,bathroom,,,,,,,decimate,,2016-11-21T08:06:22,bathroom_0045b
nyuv2.bathroom_0045a,nyuv2,bathroom_0045a,nyuv2,true,true,True,True,True,ply,1794027,,,bathroom,,,,,,,decimate,,2016-11-21T08:06:22,bathroom_0045a
nyuv2.library_0003,nyuv2,library_0003,nyuv2,true,true,True,True,True,ply,10267068,,,library,,,,,,,decimate,,2016-11-21T08:06:50,library_0003
nyuv2.library_0004,nyuv2,library_0004,nyuv2,true,true,True,True,True,ply,4112183,,,library,,,,,,,decimate,,2016-11-21T08:06:50,library_0004
nyuv2.library_0005,nyuv2,library_0005,nyuv2,true,true,True,True,True,ply,17365871,,,library,,,,,,,decimate,,2016-11-21T08:06:50,library_0005
nyuv2.library_0006,nyuv2,library_0006,nyuv2,true,true,True,True,True,ply,25539239,,,library,,,,,,,decimate,,2016-11-21T08:06:50,library_0006
nyuv2.library_0007,nyuv2,library_0007,nyuv2,false,,True,True,True,ply,5610611,,,library,,,,,,,calibrate,,2016-11-21T08:06:50,library_0007
nyuv2.bedroom_0018a,nyuv2,bedroom_0018a,nyuv2,true,true,True,True,True,ply,3653846,,,bedroom,,,,,,,decimate,,2016-11-21T08:06:25,bedroom_0018a
nyuv2.bedroom_0018b,nyuv2,bedroom_0018b,nyuv2,true,true,True,True,True,ply,2399006,,,bedroom,,,,,,,decimate,,2016-11-21T08:06:25,bedroom_0018b
nyuv2.kitchen_0032,nyuv2,kitchen_0032,nyuv2,true,true,True,True,True,ply,6726349,,,kitchen,,,,,,,decimate,,2016-11-21T08:06:47,kitchen_0032
nyuv2.living_room_0008,nyuv2,living_room_0008,nyuv2,true,true,True,True,True,ply,3739414,,,living,,,,,,,decimate,,2016-11-21T08:06:51,living_room_0008
nyuv2.living_room_0009,nyuv2,living_room_0009,nyuv2,true,true,True,True,True,ply,2421630,,,living,,,,,,,decimate,,2016-11-21T08:06:51,living_room_0009
nyuv2.bedroom_0067b,nyuv2,bedroom_0067b,nyuv2,true,true,True,True,True,ply,4742563,,,bedroom,,,,,,,decimate,,2016-11-21T08:06:29,bedroom_0067b
nyuv2.bedroom_0067a,nyuv2,bedroom_0067a,nyuv2,true,true,True,True,True,ply,5371024,,,bedroom,,,,,,,decimate,,2016-11-21T08:06:29,bedroom_0067a
nyuv2.living_room_0002,nyuv2,living_room_0002,nyuv2,true,true,True,True,True,ply,3414948,,,living,,,,,,,decimate,,2016-11-21T08:06:50,living_room_0002
nyuv2.living_room_0003,nyuv2,living_room_0003,nyuv2,true,true,True,True,True,ply,9904929,,,living,,,,,,,decimate,,2016-11-21T08:06:50,living_room_0003
nyuv2.living_room_0006,nyuv2,living_room_0006,nyuv2,true,true,True,True,True,ply,857008,,,living,,,,,,,decimate,,2016-11-21T08:06:51,living_room_0006
nyuv2.living_room_0007,nyuv2,living_room_0007,nyuv2,true,true,True,True,True,ply,1847100,,,living,,,,,,,decimate,,2016-11-21T08:06:51,living_room_0007
nyuv2.living_room_0004,nyuv2,living_room_0004,nyuv2,true,true,True,True,True,ply,4683187,,,living,,,,,,,decimate,,2016-11-21T08:06:50,living_room_0004
nyuv2.living_room_0005,nyuv2,living_room_0005,nyuv2,true,true,True,True,True,ply,4374335,,,living,,,,,,,decimate,,2016-11-21T08:06:51,living_room_0005
nyuv2.bathroom_0035,nyuv2,bathroom_0035,nyuv2,true,true,True,True,True,ply,1243395,,,bathroom,,,,,,,decimate,,2016-11-21T08:06:21,bathroom_0035
nyuv2.bathroom_0034,nyuv2,bathroom_0034,nyuv2,true,true,True,True,True,ply,1140399,,,bathroom,,,,,,,decimate,,2016-11-21T08:06:21,bathroom_0034
nyuv2.bathroom_0037,nyuv2,bathroom_0037,nyuv2,true,true,True,True,True,ply,1493987,,,bathroom,,,,,,,decimate,,2016-11-21T08:06:21,bathroom_0037
nyuv2.bathroom_0036,nyuv2,bathroom_0036,nyuv2,true,true,True,True,True,ply,1740582,,,bathroom,,,,,,,decimate,,2016-11-21T08:06:21,bathroom_0036
nyuv2.bathroom_0031,nyuv2,bathroom_0031,nyuv2,true,true,True,True,True,ply,3665337,,,bathroom,,,,,,,decimate,,2016-11-21T08:06:21,bathroom_0031
nyuv2.bathroom_0030,nyuv2,bathroom_0030,nyuv2,true,true,True,True,True,ply,1247664,,,bathroom,,,,,,,decimate,,2016-11-21T08:06:21,bathroom_0030
nyuv2.bathroom_0033,nyuv2,bathroom_0033,nyuv2,true,true,True,True,True,ply,929667,,,bathroom,,,,,,,decimate,,2016-11-21T08:06:21,bathroom_0033
nyuv2.bathroom_0032,nyuv2,bathroom_0032,nyuv2,true,true,True,True,True,ply,1535635,,,bathroom,,,,,,,decimate,,2016-11-21T08:06:21,bathroom_0032
nyuv2.kitchen_0010,nyuv2,kitchen_0010,nyuv2,true,true,True,True,True,ply,1733620,,,kitchen,,,,,,,decimate,,2016-11-21T08:06:45,kitchen_0010
nyuv2.study_0006,nyuv2,study_0006,nyuv2,true,true,True,True,True,ply,1676908,,,study,,,,,,,decimate,,2016-11-21T08:07:02,study_0006
nyuv2.kitchen_0013,nyuv2,kitchen_0013,nyuv2,true,true,True,True,True,ply,678632,,,kitchen,,,,,,,decimate,,2016-11-21T08:06:45,kitchen_0013
nyuv2.bathroom_0039,nyuv2,bathroom_0039,nyuv2,true,true,True,True,True,ply,2188611,,,bathroom,,,,,,,decimate,,2016-11-21T08:06:22,bathroom_0039
nyuv2.bathroom_0038,nyuv2,bathroom_0038,nyuv2,true,true,True,True,True,ply,2477106,,,bathroom,,,,,,,decimate,,2016-11-21T08:06:21,bathroom_0038
nyuv2.kitchen_0016,nyuv2,kitchen_0016,nyuv2,true,true,True,True,True,ply,4337090,,,kitchen,,,,,,,decimate,,2016-11-21T08:06:45,kitchen_0016
nyuv2.kitchen_0017,nyuv2,kitchen_0017,nyuv2,true,true,True,True,True,ply,3837380,,,kitchen,,,,,,,decimate,,2016-11-21T08:06:45,kitchen_0017
nyuv2.printer_room_0001,nyuv2,printer_room_0001,nyuv2,true,true,True,True,True,ply,2910907,,,printer,,,,,,,decimate,,2016-11-21T08:07:01,printer_room_0001
nyuv2.study_0007,nyuv2,study_0007,nyuv2,true,true,True,True,True,ply,2088391,,,study,,,,,,,decimate,,2016-11-21T08:07:02,study_0007
nyuv2.bathroom_0040,nyuv2,bathroom_0040,nyuv2,true,true,True,True,True,ply,1248257,,,bathroom,,,,,,,decimate,,2016-11-21T08:06:22,bathroom_0040
nyuv2.bathroom_0041,nyuv2,bathroom_0041,nyuv2,true,true,True,True,True,ply,4939318,,,bathroom,,,,,,,decimate,,2016-11-21T08:06:22,bathroom_0041
nyuv2.bathroom_0042,nyuv2,bathroom_0042,nyuv2,true,true,True,True,True,ply,1560173,,,bathroom,,,,,,,decimate,,2016-11-21T08:06:22,bathroom_0042
nyuv2.bathroom_0043,nyuv2,bathroom_0043,nyuv2,true,true,True,True,True,ply,2146507,,,bathroom,,,,,,,decimate,,2016-11-21T08:06:22,bathroom_0043
nyuv2.bathroom_0044,nyuv2,bathroom_0044,nyuv2,true,true,True,True,True,ply,2128190,,,bathroom,,,,,,,decimate,,2016-11-21T08:06:22,bathroom_0044
nyuv2.bathroom_0046,nyuv2,bathroom_0046,nyuv2,true,true,True,True,True,ply,1375033,,,bathroom,,,,,,,decimate,,2016-11-21T08:06:22,bathroom_0046
nyuv2.bathroom_0047,nyuv2,bathroom_0047,nyuv2,true,true,True,True,True,ply,820615,,,bathroom,,,,,,,decimate,,2016-11-21T08:06:22,bathroom_0047
nyuv2.bathroom_0048,nyuv2,bathroom_0048,nyuv2,true,true,True,True,True,ply,2643440,,,bathroom,,,,,,,decimate,,2016-11-21T08:06:22,bathroom_0048
nyuv2.bathroom_0049,nyuv2,bathroom_0049,nyuv2,true,true,True,True,True,ply,1980029,,,bathroom,,,,,,,decimate,,2016-11-21T08:06:22,bathroom_0049
nyuv2.office_0024,nyuv2,office_0024,nyuv2,true,true,True,True,True,ply,5378126,,,office,,,,,,,decimate,,2016-11-21T08:07:00,office_0024
nyuv2.office_0025,nyuv2,office_0025,nyuv2,true,true,True,True,True,ply,1494885,,,office,,,,,,,decimate,,2016-11-21T08:07:00,office_0025
nyuv2.office_0023,nyuv2,office_0023,nyuv2,true,true,True,True,True,ply,3378303,,,office,,,,,,,decimate,,2016-11-21T08:07:00,office_0023
nyuv2.office_0020,nyuv2,office_0020,nyuv2,true,true,True,True,True,ply,2474892,,,office,,,,,,,decimate,,2016-11-21T08:06:59,office_0020
nyuv2.office_0021,nyuv2,office_0021,nyuv2,true,true,True,True,True,ply,2433936,,,office,,,,,,,decimate,,2016-11-21T08:07:00,office_0021
nyuv2.office_0002c,nyuv2,office_0002c,nyuv2,true,true,True,True,True,ply,1281697,,,office,,,,,,,decimate,,2016-11-21T08:06:58,office_0002c
nyuv2.office_0002b,nyuv2,office_0002b,nyuv2,true,true,True,True,True,ply,763258,,,office,,,,,,,decimate,,2016-11-21T08:06:58,office_0002b
nyuv2.office_0002a,nyuv2,office_0002a,nyuv2,true,true,True,True,True,ply,4631395,,,office,,,,,,,decimate,,2016-11-21T08:06:58,office_0002a
nyuv2.bedroom_0010,nyuv2,bedroom_0010,nyuv2,true,true,True,True,True,ply,5117312,,,bedroom,,,,,,,decimate,,2016-11-21T08:06:24,bedroom_0010
nyuv2.bedroom_0011,nyuv2,bedroom_0011,nyuv2,true,true,True,True,True,ply,1745562,,,bedroom,,,,,,,decimate,,2016-11-21T08:06:24,bedroom_0011
nyuv2.bedroom_0012,nyuv2,bedroom_0012,nyuv2,true,true,True,True,True,ply,1731454,,,bedroom,,,,,,,decimate,,2016-11-21T08:06:24,bedroom_0012
nyuv2.bedroom_0013,nyuv2,bedroom_0013,nyuv2,true,true,True,True,True,ply,4163361,,,bedroom,,,,,,,decimate,,2016-11-21T08:06:24,bedroom_0013
nyuv2.bedroom_0014,nyuv2,bedroom_0014,nyuv2,true,true,True,True,True,ply,2770669,,,bedroom,,,,,,,decimate,,2016-11-21T08:06:24,bedroom_0014
nyuv2.bedroom_0015,nyuv2,bedroom_0015,nyuv2,true,true,True,True,True,ply,1338655,,,bedroom,,,,,,,decimate,,2016-11-21T08:06:24,bedroom_0015
nyuv2.bedroom_0016,nyuv2,bedroom_0016,nyuv2,true,true,True,True,True,ply,4084926,,,bedroom,,,,,,,decimate,,2016-11-21T08:06:24,bedroom_0016
nyuv2.bedroom_0017,nyuv2,bedroom_0017,nyuv2,true,true,True,True,True,ply,1979179,,,bedroom,,,,,,,decimate,,2016-11-21T08:06:25,bedroom_0017
nyuv2.bedroom_0019,nyuv2,bedroom_0019,nyuv2,true,true,True,True,True,ply,2855952,,,bedroom,,,,,,,decimate,,2016-11-21T08:06:25,bedroom_0019
nyuv2.living_room_0086a,nyuv2,living_room_0086a,nyuv2,true,true,True,True,True,ply,7494931,,,living,,,,,,,decimate,,2016-11-21T08:06:58,living_room_0086a
nyuv2.living_room_0086b,nyuv2,living_room_0086b,nyuv2,true,true,True,True,True,ply,4495287,,,living,,,,,,,decimate,,2016-11-21T08:06:58,living_room_0086b
nyuv2.furniture_store_0002b,nyuv2,furniture_store_0002b,nyuv2,true,true,True,True,True,ply,9407249,,,furniture,,,,,,,decimate,,2016-11-21T08:06:43,furniture_store_0002b
nyuv2.furniture_store_0002c,nyuv2,furniture_store_0002c,nyuv2,true,true,True,True,True,ply,11848325,,,furniture,,,,,,,decimate,,2016-11-21T08:06:43,furniture_store_0002c
nyuv2.furniture_store_0002a,nyuv2,furniture_store_0002a,nyuv2,true,true,True,True,True,ply,19355495,,,furniture,,,,,,,decimate,,2016-11-21T08:06:43,furniture_store_0002a
nyuv2.furniture_store_0002d,nyuv2,furniture_store_0002d,nyuv2,true,true,True,True,True,ply,11441865,,,furniture,,,,,,,decimate,,2016-11-21T08:06:43,furniture_store_0002d
nyuv2.study_room_0004,nyuv2,study_room_0004,nyuv2,true,true,True,True,True,ply,30207049,,,study,,,,,,,decimate,,2016-11-21T08:07:03,study_room_0004
nyuv2.study_room_0007,nyuv2,study_room_0007,nyuv2,true,true,True,True,True,ply,12562391,,,study,,,,,,,decimate,,2016-11-21T08:07:03,study_room_0007
nyuv2.study_room_0006,nyuv2,study_room_0006,nyuv2,true,true,True,True,True,ply,12911636,,,study,,,,,,,decimate,,2016-11-21T08:07:03,study_room_0006
nyuv2.kitchen_0037,nyuv2,kitchen_0037,nyuv2,true,true,True,True,True,ply,5815856,,,kitchen,,,,,,,decimate,,2016-11-21T08:06:47,kitchen_0037
nyuv2.study_room_0002,nyuv2,study_room_0002,nyuv2,false,,True,True,True,ply,1851901,,,study,,,,,,,calibrate,,2016-11-21T08:07:02,study_room_0002
nyuv2.bedroom_0128,nyuv2,bedroom_0128,nyuv2,true,true,True,True,True,ply,2852720,,,bedroom,,,,,,,decimate,,2016-11-21T08:06:34,bedroom_0128
nyuv2.bedroom_0124,nyuv2,bedroom_0124,nyuv2,true,true,True,True,True,ply,1726052,,,bedroom,,,,,,,decimate,,2016-11-21T08:06:33,bedroom_0124
nyuv2.living_room_0034a,nyuv2,living_room_0034a,nyuv2,true,true,True,True,True,ply,10242606,,,living,,,,,,,decimate,,2016-11-21T08:06:53,living_room_0034a
nyuv2.bedroom_0126,nyuv2,bedroom_0126,nyuv2,true,true,True,True,True,ply,2694526,,,bedroom,,,,,,,decimate,,2016-11-21T08:06:34,bedroom_0126
nyuv2.bedroom_0127,nyuv2,bedroom_0127,nyuv2,true,true,True,True,True,ply,6194204,,,bedroom,,,,,,,decimate,,2016-11-21T08:06:34,bedroom_0127
nyuv2.bedroom_0120,nyuv2,bedroom_0120,nyuv2,true,true,True,True,True,ply,4201492,,,bedroom,,,,,,,decimate,,2016-11-21T08:06:33,bedroom_0120
nyuv2.bedroom_0121,nyuv2,bedroom_0121,nyuv2,true,true,True,True,True,ply,3332102,,,bedroom,,,,,,,decimate,,2016-11-21T08:06:33,bedroom_0121
nyuv2.bedroom_0122,nyuv2,bedroom_0122,nyuv2,true,true,True,True,True,ply,3010956,,,bedroom,,,,,,,decimate,,2016-11-21T08:06:33,bedroom_0122
nyuv2.bedroom_0123,nyuv2,bedroom_0123,nyuv2,true,true,True,True,True,ply,2160306,,,bedroom,,,,,,,decimate,,2016-11-21T08:06:33,bedroom_0123
nyuv2.kitchen_0028b,nyuv2,kitchen_0028b,nyuv2,true,true,True,True,True,ply,6569513,,,kitchen,,,,,,,decimate,,2016-11-21T08:06:46,kitchen_0028b
nyuv2.kitchen_0028a,nyuv2,kitchen_0028a,nyuv2,true,true,True,True,True,ply,9204868,,,kitchen,,,,,,,decimate,,2016-11-21T08:06:46,kitchen_0028a
nyuv2.kitchen_0045b,nyuv2,kitchen_0045b,nyuv2,true,true,True,True,True,ply,5755190,,,kitchen,,,,,,,decimate,,2016-11-21T08:06:48,kitchen_0045b
nyuv2.kitchen_0045a,nyuv2,kitchen_0045a,nyuv2,true,true,True,True,True,ply,6043086,,,kitchen,,,,,,,decimate,,2016-11-21T08:06:48,kitchen_0045a
nyuv2.office_0017,nyuv2,office_0017,nyuv2,true,true,True,True,True,ply,17294321,,,office,,,,,,,decimate,,2016-11-21T08:06:59,office_0017
nyuv2.kitchen_0035a,nyuv2,kitchen_0035a,nyuv2,true,true,True,True,True,ply,4697357,,,kitchen,,,,,,,decimate,,2016-11-21T08:06:47,kitchen_0035a
nyuv2.dining_room_0008,nyuv2,dining_room_0008,nyuv2,true,true,True,True,True,ply,7309411,,,dining,,,,,,,decimate,,2016-11-21T08:06:40,dining_room_0008
nyuv2.dining_room_0009,nyuv2,dining_room_0009,nyuv2,true,true,True,True,True,ply,4561329,,,dining,,,,,,,decimate,,2016-11-21T08:06:40,dining_room_0009
nyuv2.living_room_0041,nyuv2,living_room_0041,nyuv2,true,true,True,True,True,ply,10819055,,,living,,,,,,,decimate,,2016-11-21T08:06:53,living_room_0041
nyuv2.office_0011,nyuv2,office_0011,nyuv2,true,true,True,True,True,ply,9943628,,,office,,,,,,,decimate,,2016-11-21T08:06:59,office_0011
nyuv2.office_0010,nyuv2,office_0010,nyuv2,true,true,True,True,True,ply,2998659,,,office,,,,,,,decimate,,2016-11-21T08:06:59,office_0010
nyuv2.dining_room_0002,nyuv2,dining_room_0002,nyuv2,false,,True,True,True,ply,3712986,,,dining,,,,,,,calibrate,,2016-11-21T08:06:39,dining_room_0002
nyuv2.dining_room_0003,nyuv2,dining_room_0003,nyuv2,true,true,True,True,True,ply,4128411,,,dining,,,,,,,decimate,,2016-11-21T08:06:39,dining_room_0003
nyuv2.dining_room_0006,nyuv2,dining_room_0006,nyuv2,true,true,True,True,True,ply,2152959,,,dining,,,,,,,decimate,,2016-11-21T08:06:40,dining_room_0006
nyuv2.dining_room_0007,nyuv2,dining_room_0007,nyuv2,true,true,True,True,True,ply,7714898,,,dining,,,,,,,decimate,,2016-11-21T08:06:40,dining_room_0007
nyuv2.dining_room_0004,nyuv2,dining_room_0004,nyuv2,true,true,True,True,True,ply,8807196,,,dining,,,,,,,decimate,,2016-11-21T08:06:39,dining_room_0004
nyuv2.dining_room_0005,nyuv2,dining_room_0005,nyuv2,true,true,True,True,True,ply,6275607,,,dining,,,,,,,decimate,,2016-11-21T08:06:40,dining_room_0005
nyuv2.classroom_0019,nyuv2,classroom_0019,nyuv2,true,true,True,True,True,ply,3713184,,,classroom,,,,,,,decimate,,2016-11-21T08:06:38,classroom_0019
nyuv2.classroom_0018,nyuv2,classroom_0018,nyuv2,true,true,True,True,True,ply,7647873,,,classroom,,,,,,,decimate,,2016-11-21T08:06:38,classroom_0018
nyuv2.classroom_0011,nyuv2,classroom_0011,nyuv2,true,true,True,True,True,ply,6045063,,,classroom,,,,,,,decimate,,2016-11-21T08:06:37,classroom_0011
nyuv2.classroom_0010,nyuv2,classroom_0010,nyuv2,true,true,True,True,True,ply,7642912,,,classroom,,,,,,,decimate,,2016-11-21T08:06:37,classroom_0010
nyuv2.classroom_0013,nyuv2,classroom_0013,nyuv2,true,true,True,True,True,ply,8320909,,,classroom,,,,,,,decimate,,2016-11-21T08:06:37,classroom_0013
nyuv2.classroom_0012,nyuv2,classroom_0012,nyuv2,true,true,True,True,True,ply,7335051,,,classroom,,,,,,,decimate,,2016-11-21T08:06:37,classroom_0012
nyuv2.classroom_0015,nyuv2,classroom_0015,nyuv2,true,true,True,True,True,ply,11045046,,,classroom,,,,,,,decimate,,2016-11-21T08:06:37,classroom_0015
nyuv2.classroom_0014,nyuv2,classroom_0014,nyuv2,true,true,True,True,True,ply,8995317,,,classroom,,,,,,,decimate,,2016-11-21T08:06:37,classroom_0014
nyuv2.classroom_0017,nyuv2,classroom_0017,nyuv2,true,true,True,True,True,ply,7268327,,,classroom,,,,,,,decimate,,2016-11-21T08:06:38,classroom_0017
nyuv2.classroom_0016,nyuv2,classroom_0016,nyuv2,true,true,True,True,True,ply,6994784,,,classroom,,,,,,,decimate,,2016-11-21T08:06:37,classroom_0016
nyuv2.living_room_0051,nyuv2,living_room_0051,nyuv2,true,true,True,True,True,ply,8220894,,,living,,,,,,,decimate,,2016-11-21T08:06:55,living_room_0051
nyuv2.living_room_0050,nyuv2,living_room_0050,nyuv2,true,true,True,True,True,ply,10246661,,,living,,,,,,,decimate,,2016-11-21T08:06:55,living_room_0050
nyuv2.living_room_0053,nyuv2,living_room_0053,nyuv2,true,true,True,True,True,ply,11907611,,,living,,,,,,,decimate,,2016-11-21T08:06:55,living_room_0053
nyuv2.living_room_0052,nyuv2,living_room_0052,nyuv2,true,true,True,True,True,ply,8122332,,,living,,,,,,,decimate,,2016-11-21T08:06:55,living_room_0052
nyuv2.living_room_0055,nyuv2,living_room_0055,nyuv2,true,true,True,True,True,ply,9087818,,,living,,,,,,,decimate,,2016-11-21T08:06:55,living_room_0055
nyuv2.living_room_0054,nyuv2,living_room_0054,nyuv2,true,true,True,True,True,ply,4095186,,,living,,,,,,,decimate,,2016-11-21T08:06:55,living_room_0054
nyuv2.living_room_0057,nyuv2,living_room_0057,nyuv2,true,true,True,True,True,ply,5984546,,,living,,,,,,,decimate,,2016-11-21T08:06:55,living_room_0057
nyuv2.living_room_0056,nyuv2,living_room_0056,nyuv2,true,true,True,True,True,ply,2570943,,,living,,,,,,,decimate,,2016-11-21T08:06:55,living_room_0056
nyuv2.living_room_0059,nyuv2,living_room_0059,nyuv2,true,true,True,True,True,ply,19353734,,,living,,,,,,,decimate,,2016-11-21T08:06:55,living_room_0059
nyuv2.bedroom_0111,nyuv2,bedroom_0111,nyuv2,true,true,True,True,True,ply,2306547,,,bedroom,,,,,,,decimate,,2016-11-21T08:06:32,bedroom_0111
nyuv2.bedroom_0059,nyuv2,bedroom_0059,nyuv2,true,true,True,True,True,ply,3585504,,,bedroom,,,,,,,decimate,,2016-11-21T08:06:28,bedroom_0059
nyuv2.kitchen_0033,nyuv2,kitchen_0033,nyuv2,true,true,True,True,True,ply,8274145,,,kitchen,,,,,,,decimate,,2016-11-21T08:06:47,kitchen_0033
nyuv2.kitchen_0009,nyuv2,kitchen_0009,nyuv2,true,true,True,True,True,ply,1445078,,,kitchen,,,,,,,decimate,,2016-11-21T08:06:45,kitchen_0009
nyuv2.kitchen_0047,nyuv2,kitchen_0047,nyuv2,true,true,True,True,True,ply,5164362,,,kitchen,,,,,,,decimate,,2016-11-21T08:06:48,kitchen_0047
nyuv2.kitchen_0046,nyuv2,kitchen_0046,nyuv2,true,true,True,True,True,ply,8779083,,,kitchen,,,,,,,decimate,,2016-11-21T08:06:48,kitchen_0046
nyuv2.bathroom_0025,nyuv2,bathroom_0025,nyuv2,true,true,True,True,True,ply,2649268,,,bathroom,,,,,,,decimate,,2016-11-21T08:06:20,bathroom_0025
nyuv2.kitchen_0043,nyuv2,kitchen_0043,nyuv2,true,true,True,True,True,ply,7613718,,,kitchen,,,,,,,decimate,,2016-11-21T08:06:48,kitchen_0043
nyuv2.kitchen_0042,nyuv2,kitchen_0042,nyuv2,true,true,True,True,True,ply,6844613,,,kitchen,,,,,,,decimate,,2016-11-21T08:06:48,kitchen_0042
nyuv2.kitchen_0041,nyuv2,kitchen_0041,nyuv2,true,true,True,True,True,ply,10836546,,,kitchen,,,,,,,decimate,,2016-11-21T08:06:48,kitchen_0041
nyuv2.kitchen_0040,nyuv2,kitchen_0040,nyuv2,true,true,True,True,True,ply,5547462,,,kitchen,,,,,,,decimate,,2016-11-21T08:06:48,kitchen_0040
nyuv2.bedroom_0076a,nyuv2,bedroom_0076a,nyuv2,true,true,True,True,True,ply,4081562,,,bedroom,,,,,,,decimate,,2016-11-21T08:06:29,bedroom_0076a
nyuv2.kitchen_0049,nyuv2,kitchen_0049,nyuv2,true,true,True,True,True,ply,8251812,,,kitchen,,,,,,,decimate,,2016-11-21T08:06:48,kitchen_0049
nyuv2.bedroom_0076b,nyuv2,bedroom_0076b,nyuv2,true,true,True,True,True,ply,3368954,,,bedroom,,,,,,,decimate,,2016-11-21T08:06:30,bedroom_0076b
nyuv2.dining_room_0001a,nyuv2,dining_room_0001a,nyuv2,true,true,True,True,True,ply,6036793,,,dining,,,,,,,decimate,,2016-11-21T08:06:39,dining_room_0001a
nyuv2.dining_room_0001b,nyuv2,dining_room_0001b,nyuv2,true,true,True,True,True,ply,11265591,,,dining,,,,,,,decimate,,2016-11-21T08:06:39,dining_room_0001b
nyuv2.bedroom_0050,nyuv2,bedroom_0050,nyuv2,true,true,True,True,True,ply,5619302,,,bedroom,,,,,,,decimate,,2016-11-21T08:06:27,bedroom_0050
nyuv2.bedroom_0051,nyuv2,bedroom_0051,nyuv2,true,true,True,True,True,ply,9063647,,,bedroom,,,,,,,decimate,,2016-11-21T08:06:27,bedroom_0051
nyuv2.classroom_0001a,nyuv2,classroom_0001a,nyuv2,true,true,True,True,True,ply,6360655,,,classroom,,,,,,,decimate,,2016-11-21T08:06:36,classroom_0001a
nyuv2.classroom_0001b,nyuv2,classroom_0001b,nyuv2,true,true,True,True,True,ply,6765366,,,classroom,,,,,,,decimate,,2016-11-21T08:06:36,classroom_0001b
nyuv2.bathroom_0028,nyuv2,bathroom_0028,nyuv2,false,,True,True,True,ply,616427,,,bathroom,,,,,,,calibrate,,2016-11-21T08:06:21,bathroom_0028
nyuv2.nyu_office_0,nyuv2,nyu_office_0,nyuv2,true,true,True,True,True,ply,23615688,,,nyu,,,,,,,decimate,,2016-11-21T08:06:58,nyu_office_0
nyuv2.kitchen_0004,nyuv2,kitchen_0004,nyuv2,true,true,True,True,True,ply,1667060,,,kitchen,,,,,,,decimate,,2016-11-21T08:06:44,kitchen_0004
nyuv2.home_office_0007,nyuv2,home_office_0007,nyuv2,true,true,True,True,True,ply,2395356,,,home,,,,,,,decimate,,2016-11-21T08:06:43,home_office_0007
nyuv2.home_office_0006,nyuv2,home_office_0006,nyuv2,true,true,True,True,True,ply,5937486,,,home,,,,,,,decimate,,2016-11-21T08:06:43,home_office_0006
nyuv2.home_office_0005,nyuv2,home_office_0005,nyuv2,true,true,True,True,True,ply,4417013,,,home,,,,,,,decimate,,2016-11-21T08:06:43,home_office_0005
nyuv2.home_office_0004,nyuv2,home_office_0004,nyuv2,true,true,True,True,True,ply,5143358,,,home,,,,,,,decimate,,2016-11-21T08:06:43,home_office_0004
nyuv2.home_office_0003,nyuv2,home_office_0003,nyuv2,true,true,True,True,True,ply,5028368,,,home,,,,,,,decimate,,2016-11-21T08:06:43,home_office_0003
nyuv2.home_office_0002,nyuv2,home_office_0002,nyuv2,true,true,True,True,True,ply,3621675,,,home,,,,,,,decimate,,2016-11-21T08:06:43,home_office_0002
nyuv2.home_office_0001,nyuv2,home_office_0001,nyuv2,true,true,True,True,True,ply,8787427,,,home,,,,,,,decimate,,2016-11-21T08:06:43,home_office_0001
nyuv2.home_office_0009,nyuv2,home_office_0009,nyuv2,true,true,True,True,True,ply,5249124,,,home,,,,,,,decimate,,2016-11-21T08:06:43,home_office_0009
nyuv2.home_office_0008,nyuv2,home_office_0008,nyuv2,true,true,True,True,True,ply,8601254,,,home,,,,,,,decimate,,2016-11-21T08:06:43,home_office_0008
nyuv2.living_room_0030a,nyuv2,living_room_0030a,nyuv2,true,true,True,True,True,ply,4197699,,,living,,,,,,,decimate,,2016-11-21T08:06:52,living_room_0030a
nyuv2.living_room_0030b,nyuv2,living_room_0030b,nyuv2,true,true,True,True,True,ply,5366452,,,living,,,,,,,decimate,,2016-11-21T08:06:52,living_room_0030b
nyuv2.office_0016,nyuv2,office_0016,nyuv2,true,true,True,True,True,ply,8310353,,,office,,,,,,,decimate,,2016-11-21T08:06:59,office_0016
nyuv2.kitchen_0036a,nyuv2,kitchen_0036a,nyuv2,true,true,True,True,True,ply,5802644,,,kitchen,,,,,,,decimate,,2016-11-21T08:06:47,kitchen_0036a
nyuv2.kitchen_0036b,nyuv2,kitchen_0036b,nyuv2,true,true,True,True,True,ply,3733227,,,kitchen,,,,,,,decimate,,2016-11-21T08:06:47,kitchen_0036b
nyuv2.kitchen_0035b,nyuv2,kitchen_0035b,nyuv2,true,true,True,True,True,ply,11134627,,,kitchen,,,,,,,decimate,,2016-11-21T08:06:47,kitchen_0035b
nyuv2.office_0014,nyuv2,office_0014,nyuv2,true,true,True,True,True,ply,9619308,,,office,,,,,,,decimate,,2016-11-21T08:06:59,office_0014
nyuv2.living_room_0049a,nyuv2,living_room_0049a,nyuv2,true,true,True,True,True,ply,7070028,,,living,,,,,,,decimate,,2016-11-21T08:06:54,living_room_0049a
nyuv2.bedroom_0049,nyuv2,bedroom_0049,nyuv2,true,true,True,True,True,ply,3145679,,,bedroom,,,,,,,decimate,,2016-11-21T08:06:27,bedroom_0049
nyuv2.bedroom_0048,nyuv2,bedroom_0048,nyuv2,true,true,True,True,True,ply,6588419,,,bedroom,,,,,,,decimate,,2016-11-21T08:06:27,bedroom_0048
nyuv2.bedroom_0047,nyuv2,bedroom_0047,nyuv2,true,true,True,True,True,ply,4394032,,,bedroom,,,,,,,decimate,,2016-11-21T08:06:27,bedroom_0047
nyuv2.bedroom_0046,nyuv2,bedroom_0046,nyuv2,true,true,True,True,True,ply,3116918,,,bedroom,,,,,,,decimate,,2016-11-21T08:06:27,bedroom_0046
nyuv2.bedroom_0045,nyuv2,bedroom_0045,nyuv2,true,true,True,True,True,ply,3411041,,,bedroom,,,,,,,decimate,,2016-11-21T08:06:27,bedroom_0045
nyuv2.bedroom_0044,nyuv2,bedroom_0044,nyuv2,true,true,True,True,True,ply,2002354,,,bedroom,,,,,,,decimate,,2016-11-21T08:06:27,bedroom_0044
nyuv2.bedroom_0043,nyuv2,bedroom_0043,nyuv2,true,true,True,True,True,ply,3302850,,,bedroom,,,,,,,decimate,,2016-11-21T08:06:27,bedroom_0043
nyuv2.bedroom_0042,nyuv2,bedroom_0042,nyuv2,true,true,True,True,True,ply,2492257,,,bedroom,,,,,,,decimate,,2016-11-21T08:06:27,bedroom_0042
nyuv2.bedroom_0041,nyuv2,bedroom_0041,nyuv2,true,true,True,True,True,ply,3640896,,,bedroom,,,,,,,decimate,,2016-11-21T08:06:27,bedroom_0041
nyuv2.bedroom_0040,nyuv2,bedroom_0040,nyuv2,true,true,True,True,True,ply,3048091,,,bedroom,,,,,,,decimate,,2016-11-21T08:06:26,bedroom_0040
nyuv2.bedroom_0133a,nyuv2,bedroom_0133a,nyuv2,true,true,True,True,True,ply,2681285,,,bedroom,,,,,,,decimate,,2016-11-21T08:06:34,bedroom_0133a
nyuv2.dining_room_0024,nyuv2,dining_room_0024,nyuv2,true,true,True,True,True,ply,5438790,,,dining,,,,,,,decimate,,2016-11-21T08:06:41,dining_room_0024
nyuv2.living_room_0001a,nyuv2,living_room_0001a,nyuv2,false,,True,True,True,ply,4445736,,,living,,,,,,,calibrate,,2016-11-21T08:06:50,living_room_0001a
nyuv2.living_room_0001c,nyuv2,living_room_0001c,nyuv2,false,,True,True,True,ply,2496948,,,living,,,,,,,calibrate,,2016-11-21T08:06:50,living_room_0001c
nyuv2.home_storage_0001,nyuv2,home_storage_0001,nyuv2,true,true,True,True,True,ply,6101599,,,home,,,,,,,decimate,,2016-11-21T08:06:44,home_storage_0001
nyuv2.living_room_0015a,nyuv2,living_room_0015a,nyuv2,true,true,True,True,True,ply,7804146,,,living,,,,,,,decimate,,2016-11-21T08:06:51,living_room_0015a
nyuv2.living_room_0015b,nyuv2,living_room_0015b,nyuv2,true,true,True,True,True,ply,1937240,,,living,,,,,,,decimate,,2016-11-21T08:06:51,living_room_0015b
nyuv2.dining_room_0025,nyuv2,dining_room_0025,nyuv2,true,true,True,True,True,ply,11566848,,,dining,,,,,,,decimate,,2016-11-21T08:06:41,dining_room_0025
nyuv2.office_0019,nyuv2,office_0019,nyuv2,true,true,True,True,True,ply,2004159,,,office,,,,,,,decimate,,2016-11-21T08:06:59,office_0019
nyuv2.office_0018,nyuv2,office_0018,nyuv2,true,true,True,True,True,ply,1404454,,,office,,,,,,,decimate,,2016-11-21T08:06:59,office_0018
nyuv2.bedroom_0056b,nyuv2,bedroom_0056b,nyuv2,true,true,True,True,True,ply,4975198,,,bedroom,,,,,,,decimate,,2016-11-21T08:06:28,bedroom_0056b
nyuv2.bedroom_0056a,nyuv2,bedroom_0056a,nyuv2,true,true,True,True,True,ply,8244134,,,bedroom,,,,,,,decimate,,2016-11-21T08:06:28,bedroom_0056a
nyuv2.study_0001b,nyuv2,study_0001b,nyuv2,true,true,True,True,True,ply,2600133,,,study,,,,,,,decimate,,2016-11-21T08:07:02,study_0001b
nyuv2.study_0001a,nyuv2,study_0001a,nyuv2,true,true,True,True,True,ply,5587901,,,study,,,,,,,decimate,,2016-11-21T08:07:02,study_0001a
nyuv2.living_room_0019,nyuv2,living_room_0019,nyuv2,true,true,True,True,True,ply,6909739,,,living,,,,,,,decimate,,2016-11-21T08:06:52,living_room_0019
nyuv2.living_room_0018,nyuv2,living_room_0018,nyuv2,true,,True,True,True,ply,6865702,,,living,,,,,,,recons,,2016-11-21T08:06:52,living_room_0018
nyuv2.living_room_0014,nyuv2,living_room_0014,nyuv2,true,true,True,True,True,ply,1010111,,,living,,,,,,,decimate,,2016-11-21T08:06:51,living_room_0014
nyuv2.living_room_0017,nyuv2,living_room_0017,nyuv2,true,true,True,True,True,ply,6294236,,,living,,,,,,,decimate,,2016-11-21T08:06:51,living_room_0017
nyuv2.living_room_0016,nyuv2,living_room_0016,nyuv2,true,true,True,True,True,ply,3805472,,,living,,,,,,,decimate,,2016-11-21T08:06:51,living_room_0016
nyuv2.living_room_0011,nyuv2,living_room_0011,nyuv2,true,true,True,True,True,ply,6481471,,,living,,,,,,,decimate,,2016-11-21T08:06:51,living_room_0011
nyuv2.indoor_balcony_0001,nyuv2,indoor_balcony_0001,nyuv2,true,true,True,True,True,ply,6393393,,,indoor,,,,,,,decimate,,2016-11-21T08:06:44,indoor_balcony_0001
nyuv2.living_room_0013,nyuv2,living_room_0013,nyuv2,true,true,True,True,True,ply,2436376,,,living,,,,,,,decimate,,2016-11-21T08:06:51,living_room_0013
nyuv2.living_room_0012,nyuv2,living_room_0012,nyuv2,true,true,True,True,True,ply,5766675,,,living,,,,,,,decimate,,2016-11-21T08:06:51,living_room_0012
nyuv2.bathroom_0026,nyuv2,bathroom_0026,nyuv2,true,true,True,True,True,ply,1653961,,,bathroom,,,,,,,decimate,,2016-11-21T08:06:21,bathroom_0026
nyuv2.library_0008,nyuv2,library_0008,nyuv2,true,true,True,True,True,ply,8103118,,,library,,,,,,,decimate,,2016-11-21T08:06:50,library_0008
nyuv2.bathroom_0024,nyuv2,bathroom_0024,nyuv2,true,true,True,True,True,ply,1083101,,,bathroom,,,,,,,decimate,,2016-11-21T08:06:20,bathroom_0024
nyuv2.kitchen_0008,nyuv2,kitchen_0008,nyuv2,true,true,True,True,True,ply,786049,,,kitchen,,,,,,,decimate,,2016-11-21T08:06:45,kitchen_0008
nyuv2.bathroom_0022,nyuv2,bathroom_0022,nyuv2,true,true,True,True,True,ply,1081839,,,bathroom,,,,,,,decimate,,2016-11-21T08:06:20,bathroom_0022
nyuv2.bathroom_0020,nyuv2,bathroom_0020,nyuv2,true,true,True,True,True,ply,760565,,,bathroom,,,,,,,decimate,,2016-11-21T08:06:20,bathroom_0020
nyuv2.bathroom_0021,nyuv2,bathroom_0021,nyuv2,true,true,True,True,True,ply,963527,,,bathroom,,,,,,,decimate,,2016-11-21T08:06:20,bathroom_0021
nyuv2.kitchen_0003,nyuv2,kitchen_0003,nyuv2,true,true,True,True,True,ply,3476664,,,kitchen,,,,,,,decimate,,2016-11-21T08:06:44,kitchen_0003
nyuv2.kitchen_0002,nyuv2,kitchen_0002,nyuv2,true,true,True,True,True,ply,8736983,,,kitchen,,,,,,,decimate,,2016-11-21T08:06:44,kitchen_0002
nyuv2.kitchen_0007,nyuv2,kitchen_0007,nyuv2,true,true,True,True,True,ply,1400631,,,kitchen,,,,,,,decimate,,2016-11-21T08:06:45,kitchen_0007
nyuv2.kitchen_0006,nyuv2,kitchen_0006,nyuv2,true,true,True,True,True,ply,835554,,,kitchen,,,,,,,decimate,,2016-11-21T08:06:45,kitchen_0006
nyuv2.kitchen_0005,nyuv2,kitchen_0005,nyuv2,true,true,True,True,True,ply,1590257,,,kitchen,,,,,,,decimate,,2016-11-21T08:06:45,kitchen_0005
nyuv2.bathroom_0029,nyuv2,bathroom_0029,nyuv2,true,true,True,True,True,ply,1274209,,,bathroom,,,,,,,decimate,,2016-11-21T08:06:21,bathroom_0029
nyuv2.reception_room_0003,nyuv2,reception_room_0003,nyuv2,true,true,True,True,True,ply,42098771,,,reception,,,,,,,decimate,,2016-11-21T08:07:01,reception_room_0003
nyuv2.study_room_0005a,nyuv2,study_room_0005a,nyuv2,true,true,True,True,True,ply,14746748,,,study,,,,,,,decimate,,2016-11-21T08:07:03,study_room_0005a
nyuv2.living_room_0068,nyuv2,living_room_0068,nyuv2,true,true,True,True,True,ply,2900218,,,living,,,,,,,decimate,,2016-11-21T08:06:56,living_room_0068
nyuv2.living_room_0060,nyuv2,living_room_0060,nyuv2,true,true,True,True,True,ply,6160590,,,living,,,,,,,decimate,,2016-11-21T08:06:55,living_room_0060
nyuv2.living_room_0061,nyuv2,living_room_0061,nyuv2,true,true,True,True,True,ply,11215892,,,living,,,,,,,decimate,,2016-11-21T08:06:55,living_room_0061
nyuv2.living_room_0062,nyuv2,living_room_0062,nyuv2,true,true,True,True,True,ply,8646425,,,living,,,,,,,decimate,,2016-11-21T08:06:56,living_room_0062
nyuv2.living_room_0063,nyuv2,living_room_0063,nyuv2,true,true,True,True,True,ply,7162372,,,living,,,,,,,decimate,,2016-11-21T08:06:56,living_room_0063
nyuv2.living_room_0065,nyuv2,living_room_0065,nyuv2,true,true,True,True,True,ply,5323168,,,living,,,,,,,decimate,,2016-11-21T08:06:56,living_room_0065
nyuv2.living_room_0066,nyuv2,living_room_0066,nyuv2,true,true,True,True,True,ply,6590282,,,living,,,,,,,decimate,,2016-11-21T08:06:56,living_room_0066
nyuv2.living_room_0067,nyuv2,living_room_0067,nyuv2,true,true,True,True,True,ply,7345828,,,living,,,,,,,decimate,,2016-11-21T08:06:56,living_room_0067
nyuv2.foyer_0001,nyuv2,foyer_0001,nyuv2,true,true,True,True,True,ply,7101381,,,foyer,,,,,,,decimate,,2016-11-21T08:06:42,foyer_0001
nyuv2.office_0027b,nyuv2,office_0027b,nyuv2,true,true,True,True,True,ply,2754663,,,office,,,,,,,decimate,,2016-11-21T08:07:00,office_0027b
nyuv2.office_0027a,nyuv2,office_0027a,nyuv2,true,true,True,True,True,ply,7197105,,,office,,,,,,,decimate,,2016-11-21T08:07:00,office_0027a
nyuv2.foyer_0002,nyuv2,foyer_0002,nyuv2,true,true,True,True,True,ply,3119324,,,foyer,,,,,,,decimate,,2016-11-21T08:06:42,foyer_0002
nyuv2.kitchen_0026b,nyuv2,kitchen_0026b,nyuv2,true,true,True,True,True,ply,3642579,,,kitchen,,,,,,,decimate,,2016-11-21T08:06:46,kitchen_0026b
nyuv2.kitchen_0056b,nyuv2,kitchen_0056b,nyuv2,true,true,True,True,True,ply,2701909,,,kitchen,,,,,,,decimate,,2016-11-21T08:06:49,kitchen_0056b
nyuv2.kitchen_0056a,nyuv2,kitchen_0056a,nyuv2,true,true,True,True,True,ply,12621367,,,kitchen,,,,,,,decimate,,2016-11-21T08:06:49,kitchen_0056a
nyuv2.bedroom_0125b,nyuv2,bedroom_0125b,nyuv2,true,true,True,True,True,ply,5896222,,,bedroom,,,,,,,decimate,,2016-11-21T08:06:34,bedroom_0125b
nyuv2.bedroom_0002,nyuv2,bedroom_0002,nyuv2,true,true,True,True,True,ply,7178579,,,bedroom,,,,,,,decimate,,2016-11-21T08:06:23,bedroom_0002
nyuv2.bedroom_0001,nyuv2,bedroom_0001,nyuv2,true,true,True,True,True,ply,670107,,,bedroom,,,,,,,decimate,,2016-11-21T08:06:23,bedroom_0001
nyuv2.bedroom_0125a,nyuv2,bedroom_0125a,nyuv2,true,true,True,True,True,ply,3461275,,,bedroom,,,,,,,decimate,,2016-11-21T08:06:33,bedroom_0125a
nyuv2.bedroom_0007,nyuv2,bedroom_0007,nyuv2,true,true,True,True,True,ply,4602623,,,bedroom,,,,,,,decimate,,2016-11-21T08:06:24,bedroom_0007
nyuv2.bedroom_0006,nyuv2,bedroom_0006,nyuv2,true,true,True,True,True,ply,4301183,,,bedroom,,,,,,,decimate,,2016-11-21T08:06:24,bedroom_0006
nyuv2.bedroom_0005,nyuv2,bedroom_0005,nyuv2,true,true,True,True,True,ply,2513417,,,bedroom,,,,,,,decimate,,2016-11-21T08:06:24,bedroom_0005
nyuv2.bedroom_0004,nyuv2,bedroom_0004,nyuv2,true,true,True,True,True,ply,2852841,,,bedroom,,,,,,,decimate,,2016-11-21T08:06:23,bedroom_0004
nyuv2.bedroom_0009,nyuv2,bedroom_0009,nyuv2,true,true,True,True,True,ply,1105605,,,bedroom,,,,,,,decimate,,2016-11-21T08:06:24,bedroom_0009
nyuv2.bedroom_0008,nyuv2,bedroom_0008,nyuv2,true,true,True,True,True,ply,665624,,,bedroom,,,,,,,decimate,,2016-11-21T08:06:24,bedroom_0008
nyuv2.bedroom_0098,nyuv2,bedroom_0098,nyuv2,true,true,True,True,True,ply,3679804,,,bedroom,,,,,,,decimate,,2016-11-21T08:06:31,bedroom_0098
nyuv2.bedroom_0099,nyuv2,bedroom_0099,nyuv2,true,true,True,True,True,ply,3300383,,,bedroom,,,,,,,decimate,,2016-11-21T08:06:31,bedroom_0099
nyuv2.bedroom_0090,nyuv2,bedroom_0090,nyuv2,true,true,True,True,True,ply,1829809,,,bedroom,,,,,,,decimate,,2016-11-21T08:06:31,bedroom_0090
nyuv2.bedroom_0091,nyuv2,bedroom_0091,nyuv2,true,true,True,True,True,ply,2865250,,,bedroom,,,,,,,decimate,,2016-11-21T08:06:31,bedroom_0091
nyuv2.bedroom_0092,nyuv2,bedroom_0092,nyuv2,true,true,True,True,True,ply,2908730,,,bedroom,,,,,,,decimate,,2016-11-21T08:06:31,bedroom_0092
nyuv2.bedroom_0093,nyuv2,bedroom_0093,nyuv2,true,true,True,True,True,ply,3269945,,,bedroom,,,,,,,decimate,,2016-11-21T08:06:31,bedroom_0093
nyuv2.bedroom_0094,nyuv2,bedroom_0094,nyuv2,true,true,True,True,True,ply,1865733,,,bedroom,,,,,,,decimate,,2016-11-21T08:06:31,bedroom_0094
nyuv2.bedroom_0095,nyuv2,bedroom_0095,nyuv2,true,true,True,True,True,ply,5853956,,,bedroom,,,,,,,decimate,,2016-11-21T08:06:31,bedroom_0095
nyuv2.bedroom_0096,nyuv2,bedroom_0096,nyuv2,true,true,True,True,True,ply,3528776,,,bedroom,,,,,,,decimate,,2016-11-21T08:06:31,bedroom_0096
nyuv2.bedroom_0097,nyuv2,bedroom_0097,nyuv2,true,true,True,True,True,ply,4889494,,,bedroom,,,,,,,decimate,,2016-11-21T08:06:31,bedroom_0097
nyuv2.office_0001b,nyuv2,office_0001b,nyuv2,true,true,True,True,True,ply,11873549,,,office,,,,,,,decimate,,2016-11-21T08:06:58,office_0001b
nyuv2.office_0001c,nyuv2,office_0001c,nyuv2,true,true,True,True,True,ply,28478620,,,office,,,,,,,decimate,,2016-11-21T08:06:58,office_0001c
nyuv2.office_0001a,nyuv2,office_0001a,nyuv2,false,,True,True,True,ply,5312234,,,office,,,,,,,calibrate,,2016-11-21T08:06:58,office_0001a
nyuv2.bedroom_0139,nyuv2,bedroom_0139,nyuv2,true,true,True,True,True,ply,2316946,,,bedroom,,,,,,,decimate,,2016-11-21T08:06:35,bedroom_0139
nyuv2.bedroom_0138,nyuv2,bedroom_0138,nyuv2,true,true,True,True,True,ply,1692215,,,bedroom,,,,,,,decimate,,2016-11-21T08:06:35,bedroom_0138
nyuv2.bedroom_0137,nyuv2,bedroom_0137,nyuv2,true,true,True,True,True,ply,2436378,,,bedroom,,,,,,,decimate,,2016-11-21T08:06:35,bedroom_0137
nyuv2.bedroom_0136,nyuv2,bedroom_0136,nyuv2,true,true,True,True,True,ply,2779815,,,bedroom,,,,,,,decimate,,2016-11-21T08:06:35,bedroom_0136
nyuv2.bedroom_0135,nyuv2,bedroom_0135,nyuv2,true,true,True,True,True,ply,4113066,,,bedroom,,,,,,,decimate,,2016-11-21T08:06:35,bedroom_0135
nyuv2.bedroom_0132,nyuv2,bedroom_0132,nyuv2,true,true,True,True,True,ply,1986135,,,bedroom,,,,,,,decimate,,2016-11-21T08:06:34,bedroom_0132
nyuv2.bedroom_0131,nyuv2,bedroom_0131,nyuv2,true,true,True,True,True,ply,3528117,,,bedroom,,,,,,,decimate,,2016-11-21T08:06:34,bedroom_0131
nyuv2.bedroom_0130,nyuv2,bedroom_0130,nyuv2,true,true,True,True,True,ply,2831142,,,bedroom,,,,,,,decimate,,2016-11-21T08:06:34,bedroom_0130
nyuv2.office_0004,nyuv2,office_0004,nyuv2,true,true,True,True,True,ply,11406284,,,office,,,,,,,decimate,,2016-11-21T08:06:58,office_0004
nyuv2.office_0005,nyuv2,office_0005,nyuv2,true,true,True,True,True,ply,2979298,,,office,,,,,,,decimate,,2016-11-21T08:06:59,office_0005
nyuv2.office_0006,nyuv2,office_0006,nyuv2,true,true,True,True,True,ply,9783093,,,office,,,,,,,decimate,,2016-11-21T08:06:59,office_0006
nyuv2.office_0007,nyuv2,office_0007,nyuv2,true,true,True,True,True,ply,1451680,,,office,,,,,,,decimate,,2016-11-21T08:06:59,office_0007
nyuv2.dining_room_0019,nyuv2,dining_room_0019,nyuv2,true,true,True,True,True,ply,7795584,,,dining,,,,,,,decimate,,2016-11-21T08:06:40,dining_room_0019
nyuv2.dining_room_0018,nyuv2,dining_room_0018,nyuv2,true,true,True,True,True,ply,17648594,,,dining,,,,,,,decimate,,2016-11-21T08:06:40,dining_room_0018
nyuv2.office_0003,nyuv2,office_0003,nyuv2,true,true,True,True,True,ply,2613287,,,office,,,,,,,decimate,,2016-11-21T08:06:58,office_0003
nyuv2.dining_room_0015,nyuv2,dining_room_0015,nyuv2,true,true,True,True,True,ply,8892481,,,dining,,,,,,,decimate,,2016-11-21T08:06:40,dining_room_0015
nyuv2.dining_room_0014,nyuv2,dining_room_0014,nyuv2,true,true,True,True,True,ply,6044760,,,dining,,,,,,,decimate,,2016-11-21T08:06:40,dining_room_0014
nyuv2.dining_room_0017,nyuv2,dining_room_0017,nyuv2,true,true,True,True,True,ply,6086329,,,dining,,,,,,,decimate,,2016-11-21T08:06:40,dining_room_0017
nyuv2.dining_room_0016,nyuv2,dining_room_0016,nyuv2,true,true,True,True,True,ply,9089465,,,dining,,,,,,,decimate,,2016-11-21T08:06:40,dining_room_0016
nyuv2.dining_room_0011,nyuv2,dining_room_0011,nyuv2,true,true,True,True,True,ply,5652652,,,dining,,,,,,,decimate,,2016-11-21T08:06:40,dining_room_0011
nyuv2.dining_room_0010,nyuv2,dining_room_0010,nyuv2,true,true,True,True,True,ply,6159355,,,dining,,,,,,,decimate,,2016-11-21T08:06:40,dining_room_0010
nyuv2.dining_room_0013,nyuv2,dining_room_0013,nyuv2,true,true,True,True,True,ply,13005598,,,dining,,,,,,,decimate,,2016-11-21T08:06:40,dining_room_0013
nyuv2.dining_room_0012,nyuv2,dining_room_0012,nyuv2,true,true,True,True,True,ply,11358497,,,dining,,,,,,,decimate,,2016-11-21T08:06:40,dining_room_0012
nyuv2.classroom_0024,nyuv2,classroom_0024,nyuv2,true,true,True,True,True,ply,4390405,,,classroom,,,,,,,decimate,,2016-11-21T08:06:38,classroom_0024
nyuv2.classroom_0025,nyuv2,classroom_0025,nyuv2,true,true,True,True,True,ply,9861873,,,classroom,,,,,,,decimate,,2016-11-21T08:06:38,classroom_0025
nyuv2.classroom_0026,nyuv2,classroom_0026,nyuv2,true,true,True,True,True,ply,10282869,,,classroom,,,,,,,decimate,,2016-11-21T08:06:38,classroom_0026
nyuv2.classroom_0020,nyuv2,classroom_0020,nyuv2,true,true,True,True,True,ply,8402291,,,classroom,,,,,,,decimate,,2016-11-21T08:06:38,classroom_0020
nyuv2.classroom_0021,nyuv2,classroom_0021,nyuv2,true,true,True,True,True,ply,10460889,,,classroom,,,,,,,decimate,,2016-11-21T08:06:38,classroom_0021
nyuv2.classroom_0022,nyuv2,classroom_0022,nyuv2,true,true,True,True,True,ply,7959076,,,classroom,,,,,,,decimate,,2016-11-21T08:06:38,classroom_0022
nyuv2.classroom_0023,nyuv2,classroom_0023,nyuv2,true,true,True,True,True,ply,6296633,,,classroom,,,,,,,decimate,,2016-11-21T08:06:38,classroom_0023
nyuv2.living_room_0025,nyuv2,living_room_0025,nyuv2,true,true,True,True,True,ply,5390878,,,living,,,,,,,decimate,,2016-11-21T08:06:52,living_room_0025
nyuv2.living_room_0026,nyuv2,living_room_0026,nyuv2,true,true,True,True,True,ply,12768959,,,living,,,,,,,decimate,,2016-11-21T08:06:52,living_room_0026
nyuv2.living_room_0020,nyuv2,living_room_0020,nyuv2,true,true,True,True,True,ply,10024995,,,living,,,,,,,decimate,,2016-11-21T08:06:52,living_room_0020
nyuv2.living_room_0021,nyuv2,living_room_0021,nyuv2,true,true,True,True,True,ply,2671702,,,living,,,,,,,decimate,,2016-11-21T08:06:52,living_room_0021
nyuv2.living_room_0022,nyuv2,living_room_0022,nyuv2,true,true,True,True,True,ply,16593504,,,living,,,,,,,decimate,,2016-11-21T08:06:52,living_room_0022
nyuv2.living_room_0028,nyuv2,living_room_0028,nyuv2,true,true,True,True,True,ply,8250663,,,living,,,,,,,decimate,,2016-11-21T08:06:52,living_room_0028
nyuv2.living_room_0029,nyuv2,living_room_0029,nyuv2,true,true,True,True,True,ply,4982782,,,living,,,,,,,decimate,,2016-11-21T08:06:52,living_room_0029
nyuv2.furniture_store_0001g,nyuv2,furniture_store_0001g,nyuv2,true,true,True,True,True,ply,16575961,,,furniture,,,,,,,decimate,,2016-11-21T08:06:42,furniture_store_0001g
nyuv2.furniture_store_0001f,nyuv2,furniture_store_0001f,nyuv2,true,true,True,True,True,ply,11352643,,,furniture,,,,,,,decimate,,2016-11-21T08:06:42,furniture_store_0001f
nyuv2.furniture_store_0001e,nyuv2,furniture_store_0001e,nyuv2,true,true,True,True,True,ply,10987911,,,furniture,,,,,,,decimate,,2016-11-21T08:06:42,furniture_store_0001e
nyuv2.furniture_store_0001d,nyuv2,furniture_store_0001d,nyuv2,true,true,True,True,True,ply,26863043,,,furniture,,,,,,,decimate,,2016-11-21T08:06:42,furniture_store_0001d
nyuv2.furniture_store_0001c,nyuv2,furniture_store_0001c,nyuv2,true,true,True,True,True,ply,6154677,,,furniture,,,,,,,decimate,,2016-11-21T08:06:42,furniture_store_0001c
nyuv2.furniture_store_0001b,nyuv2,furniture_store_0001b,nyuv2,true,true,True,True,True,ply,13761061,,,furniture,,,,,,,decimate,,2016-11-21T08:06:42,furniture_store_0001b
nyuv2.furniture_store_0001a,nyuv2,furniture_store_0001a,nyuv2,true,true,True,True,True,ply,7793714,,,furniture,,,,,,,decimate,,2016-11-21T08:06:42,furniture_store_0001a
nyuv2.excercise_room_0001,nyuv2,excercise_room_0001,nyuv2,true,true,True,True,True,ply,5972267,,,excercise,,,,,,,decimate,,2016-11-21T08:06:42,excercise_room_0001
nyuv2.kitchen_0044,nyuv2,kitchen_0044,nyuv2,true,true,True,True,True,ply,7041161,,,kitchen,,,,,,,decimate,,2016-11-21T08:06:48,kitchen_0044
nyuv2.bathroom_0060,nyuv2,bathroom_0060,nyuv2,true,true,True,True,True,ply,945158,,,bathroom,,,,,,,decimate,,2016-11-21T08:06:23,bathroom_0060
nyuv2.bookstore_0001m,nyuv2,bookstore_0001m,nyuv2,true,true,True,True,True,ply,18900826,,,bookstore,,,,,,,decimate,,2016-11-21T08:06:36,bookstore_0001m
nyuv2.bookstore_0001l,nyuv2,bookstore_0001l,nyuv2,true,true,True,True,True,ply,4265232,,,bookstore,,,,,,,decimate,,2016-11-21T08:06:36,bookstore_0001l
nyuv2.bookstore_0001k,nyuv2,bookstore_0001k,nyuv2,true,true,True,True,True,ply,10902476,,,bookstore,,,,,,,decimate,,2016-11-21T08:06:36,bookstore_0001k
nyuv2.bookstore_0001j,nyuv2,bookstore_0001j,nyuv2,true,true,True,True,True,ply,18168522,,,bookstore,,,,,,,decimate,,2016-11-21T08:06:36,bookstore_0001j
nyuv2.bookstore_0001i,nyuv2,bookstore_0001i,nyuv2,true,true,True,True,True,ply,13192286,,,bookstore,,,,,,,decimate,,2016-11-21T08:06:36,bookstore_0001i
nyuv2.bookstore_0001h,nyuv2,bookstore_0001h,nyuv2,true,true,True,True,True,ply,11821975,,,bookstore,,,,,,,decimate,,2016-11-21T08:06:36,bookstore_0001h
nyuv2.bookstore_0001g,nyuv2,bookstore_0001g,nyuv2,true,true,True,True,True,ply,25052639,,,bookstore,,,,,,,decimate,,2016-11-21T08:06:36,bookstore_0001g
nyuv2.bookstore_0001f,nyuv2,bookstore_0001f,nyuv2,true,true,True,True,True,ply,33463741,,,bookstore,,,,,,,decimate,,2016-11-21T08:06:36,bookstore_0001f
nyuv2.bookstore_0001e,nyuv2,bookstore_0001e,nyuv2,true,true,True,True,True,ply,10358780,,,bookstore,,,,,,,decimate,,2016-11-21T08:06:35,bookstore_0001e
nyuv2.bookstore_0001d,nyuv2,bookstore_0001d,nyuv2,true,true,True,True,True,ply,18723028,,,bookstore,,,,,,,decimate,,2016-11-21T08:06:35,bookstore_0001d
nyuv2.bookstore_0001c,nyuv2,bookstore_0001c,nyuv2,true,true,True,True,True,ply,12624766,,,bookstore,,,,,,,decimate,,2016-11-21T08:06:35,bookstore_0001c
nyuv2.bookstore_0001b,nyuv2,bookstore_0001b,nyuv2,true,true,True,True,True,ply,25523009,,,bookstore,,,,,,,decimate,,2016-11-21T08:06:35,bookstore_0001b
nyuv2.bookstore_0001a,nyuv2,bookstore_0001a,nyuv2,true,true,True,True,True,ply,18689748,,,bookstore,,,,,,,decimate,,2016-11-21T08:06:35,bookstore_0001a
nyuv2.living_room_0064a,nyuv2,living_room_0064a,nyuv2,true,true,True,True,True,ply,8049233,,,living,,,,,,,decimate,,2016-11-21T08:06:56,living_room_0064a
nyuv2.library_0001b,nyuv2,library_0001b,nyuv2,false,,True,True,True,ply,2776313,,,library,,,,,,,calibrate,,2016-11-21T08:06:49,library_0001b
nyuv2.library_0001a,nyuv2,library_0001a,nyuv2,false,,True,True,True,ply,3638400,,,library,,,,,,,calibrate,,2016-11-21T08:06:49,library_0001a
nyuv2.living_room_0064b,nyuv2,living_room_0064b,nyuv2,true,true,True,True,True,ply,9187107,,,living,,,,,,,decimate,,2016-11-21T08:06:56,living_room_0064b
nyuv2.kitchen_0048,nyuv2,kitchen_0048,nyuv2,true,true,True,True,True,ply,6221287,,,kitchen,,,,,,,decimate,,2016-11-21T08:06:48,kitchen_0048
nyuv2.kitchen_0014,nyuv2,kitchen_0014,nyuv2,true,true,True,True,True,ply,1130461,,,kitchen,,,,,,,decimate,,2016-11-21T08:06:45,kitchen_0014
nyuv2.kitchen_0015,nyuv2,kitchen_0015,nyuv2,true,true,True,True,True,ply,514933,,,kitchen,,,,,,,decimate,,2016-11-21T08:06:45,kitchen_0015
nyuv2.bedroom_0078,nyuv2,bedroom_0078,nyuv2,true,true,True,True,True,ply,3638916,,,bedroom,,,,,,,decimate,,2016-11-21T08:06:30,bedroom_0078
nyuv2.bedroom_0079,nyuv2,bedroom_0079,nyuv2,true,true,True,True,True,ply,2861760,,,bedroom,,,,,,,decimate,,2016-11-21T08:06:30,bedroom_0079
nyuv2.bedroom_0072,nyuv2,bedroom_0072,nyuv2,true,true,True,True,True,ply,4693457,,,bedroom,,,,,,,decimate,,2016-11-21T08:06:29,bedroom_0072
nyuv2.bedroom_0073,nyuv2,bedroom_0073,nyuv2,true,true,True,True,True,ply,3323292,,,bedroom,,,,,,,decimate,,2016-11-21T08:06:29,bedroom_0073
nyuv2.bedroom_0070,nyuv2,bedroom_0070,nyuv2,true,true,True,True,True,ply,2496424,,,bedroom,,,,,,,decimate,,2016-11-21T08:06:29,bedroom_0070
nyuv2.bedroom_0071,nyuv2,bedroom_0071,nyuv2,true,true,True,True,True,ply,4812719,,,bedroom,,,,,,,decimate,,2016-11-21T08:06:29,bedroom_0071
nyuv2.bedroom_0077,nyuv2,bedroom_0077,nyuv2,true,true,True,True,True,ply,4531823,,,bedroom,,,,,,,decimate,,2016-11-21T08:06:30,bedroom_0077
nyuv2.bedroom_0075,nyuv2,bedroom_0075,nyuv2,true,true,True,True,True,ply,3048854,,,bedroom,,,,,,,decimate,,2016-11-21T08:06:29,bedroom_0075
nyuv2.kitchen_0021,nyuv2,kitchen_0021,nyuv2,true,true,True,True,True,ply,6308182,,,kitchen,,,,,,,decimate,,2016-11-21T08:06:46,kitchen_0021
nyuv2.kitchen_0023,nyuv2,kitchen_0023,nyuv2,true,true,True,True,True,ply,8018497,,,kitchen,,,,,,,decimate,,2016-11-21T08:06:46,kitchen_0023
nyuv2.kitchen_0025,nyuv2,kitchen_0025,nyuv2,true,true,True,True,True,ply,3302298,,,kitchen,,,,,,,decimate,,2016-11-21T08:06:46,kitchen_0025
nyuv2.kitchen_0024,nyuv2,kitchen_0024,nyuv2,true,true,True,True,True,ply,5082786,,,kitchen,,,,,,,decimate,,2016-11-21T08:06:46,kitchen_0024
nyuv2.kitchen_0027,nyuv2,kitchen_0027,nyuv2,true,true,True,True,True,ply,13847899,,,kitchen,,,,,,,decimate,,2016-11-21T08:06:46,kitchen_0027
nyuv2.study_0002,nyuv2,study_0002,nyuv2,true,true,True,True,True,ply,3381541,,,study,,,,,,,decimate,,2016-11-21T08:07:02,study_0002
nyuv2.kitchen_0030b,nyuv2,kitchen_0030b,nyuv2,true,true,True,True,True,ply,8034483,,,kitchen,,,,,,,decimate,,2016-11-21T08:06:47,kitchen_0030b
nyuv2.kitchen_0030a,nyuv2,kitchen_0030a,nyuv2,true,true,True,True,True,ply,883146,,,kitchen,,,,,,,decimate,,2016-11-21T08:06:46,kitchen_0030a
nyuv2.playroom_0003,nyuv2,playroom_0003,nyuv2,true,true,True,True,True,ply,11805928,,,playroom,,,,,,,decimate,,2016-11-21T08:07:01,playroom_0003
nyuv2.playroom_0002,nyuv2,playroom_0002,nyuv2,true,true,True,True,True,ply,6090678,,,playroom,,,,,,,decimate,,2016-11-21T08:07:01,playroom_0002
nyuv2.playroom_0007,nyuv2,playroom_0007,nyuv2,true,true,True,True,True,ply,3883227,,,playroom,,,,,,,decimate,,2016-11-21T08:07:01,playroom_0007
nyuv2.playroom_0006,nyuv2,playroom_0006,nyuv2,true,true,True,True,True,ply,6161479,,,playroom,,,,,,,decimate,,2016-11-21T08:07:01,playroom_0006
nyuv2.playroom_0004,nyuv2,playroom_0004,nyuv2,true,true,True,True,True,ply,11119789,,,playroom,,,,,,,decimate,,2016-11-21T08:07:01,playroom_0004
nyuv2.playroom_0008,nyuv2,playroom_0008,nyuv2,true,true,True,True,True,ply,5274401,,,playroom,,,,,,,decimate,,2016-11-21T08:07:01,playroom_0008
nyuv2.bathroom_0013,nyuv2,bathroom_0013,nyuv2,true,true,True,True,True,ply,1615699,,,bathroom,,,,,,,decimate,,2016-11-21T08:06:20,bathroom_0013
nyuv2.bathroom_0012,nyuv2,bathroom_0012,nyuv2,true,true,True,True,True,ply,1181378,,,bathroom,,,,,,,decimate,,2016-11-21T08:06:20,bathroom_0012
nyuv2.bathroom_0011,nyuv2,bathroom_0011,nyuv2,true,true,True,True,True,ply,510754,,,bathroom,,,,,,,decimate,,2016-11-21T08:06:19,bathroom_0011
nyuv2.bathroom_0010,nyuv2,bathroom_0010,nyuv2,true,true,True,True,True,ply,834298,,,bathroom,,,,,,,decimate,,2016-11-21T08:06:19,bathroom_0010
nyuv2.bathroom_0017,nyuv2,bathroom_0017,nyuv2,true,true,True,True,True,ply,7203908,,,bathroom,,,,,,,decimate,,2016-11-21T08:06:20,bathroom_0017
nyuv2.dining_room_0021,nyuv2,dining_room_0021,nyuv2,true,true,True,True,True,ply,7992760,,,dining,,,,,,,decimate,,2016-11-21T08:06:41,dining_room_0021
nyuv2.bathroom_0015,nyuv2,bathroom_0015,nyuv2,true,true,True,True,True,ply,1908327,,,bathroom,,,,,,,decimate,,2016-11-21T08:06:20,bathroom_0015
nyuv2.dining_room_0023,nyuv2,dining_room_0023,nyuv2,true,true,True,True,True,ply,5050567,,,dining,,,,,,,decimate,,2016-11-21T08:06:41,dining_room_0023
nyuv2.bathroom_0019,nyuv2,bathroom_0019,nyuv2,true,true,True,True,True,ply,1452855,,,bathroom,,,,,,,decimate,,2016-11-21T08:06:20,bathroom_0019
nyuv2.bathroom_0018,nyuv2,bathroom_0018,nyuv2,true,true,True,True,True,ply,1910946,,,bathroom,,,,,,,decimate,,2016-11-21T08:06:20,bathroom_0018
nyuv2.dining_room_0028,nyuv2,dining_room_0028,nyuv2,true,true,True,True,True,ply,4993541,,,dining,,,,,,,decimate,,2016-11-21T08:06:41,dining_room_0028
nyuv2.dining_room_0029,nyuv2,dining_room_0029,nyuv2,true,true,True,True,True,ply,7784510,,,dining,,,,,,,decimate,,2016-11-21T08:06:41,dining_room_0029
nyuv2.kitchen_0038,nyuv2,kitchen_0038,nyuv2,true,true,True,True,True,ply,6508842,,,kitchen,,,,,,,decimate,,2016-11-21T08:06:47,kitchen_0038
nyuv2.kitchen_0039,nyuv2,kitchen_0039,nyuv2,true,true,True,True,True,ply,4905579,,,kitchen,,,,,,,decimate,,2016-11-21T08:06:47,kitchen_0039
nyuv2.living_room_0046a,nyuv2,living_room_0046a,nyuv2,true,true,True,True,True,ply,4169389,,,living,,,,,,,decimate,,2016-11-21T08:06:54,living_room_0046a
nyuv2.living_room_0046b,nyuv2,living_room_0046b,nyuv2,true,true,True,True,True,ply,6909550,,,living,,,,,,,decimate,,2016-11-21T08:06:54,living_room_0046b
nyuv2.living_room_0034b,nyuv2,living_room_0034b,nyuv2,true,true,True,True,True,ply,8040065,,,living,,,,,,,decimate,,2016-11-21T08:06:53,living_room_0034b
nyuv2.bedroom_0003,nyuv2,bedroom_0003,nyuv2,true,true,True,True,True,ply,8510937,,,bedroom,,,,,,,decimate,,2016-11-21T08:06:23,bedroom_0003
nyuv2.living_room_0079,nyuv2,living_room_0079,nyuv2,true,true,True,True,True,ply,13275411,,,living,,,,,,,decimate,,2016-11-21T08:06:57,living_room_0079
nyuv2.living_room_0078,nyuv2,living_room_0078,nyuv2,true,true,True,True,True,ply,9265212,,,living,,,,,,,decimate,,2016-11-21T08:06:57,living_room_0078
nyuv2.living_room_0073,nyuv2,living_room_0073,nyuv2,true,true,True,True,True,ply,8823697,,,living,,,,,,,decimate,,2016-11-21T08:06:57,living_room_0073
nyuv2.living_room_0072,nyuv2,living_room_0072,nyuv2,true,true,True,True,True,ply,17590013,,,living,,,,,,,decimate,,2016-11-21T08:06:57,living_room_0072
nyuv2.living_room_0071,nyuv2,living_room_0071,nyuv2,true,true,True,True,True,ply,4867233,,,living,,,,,,,decimate,,2016-11-21T08:06:56,living_room_0071
nyuv2.living_room_0070,nyuv2,living_room_0070,nyuv2,true,true,True,True,True,ply,3226328,,,living,,,,,,,decimate,,2016-11-21T08:06:56,living_room_0070
nyuv2.living_room_0077,nyuv2,living_room_0077,nyuv2,false,,True,True,True,ply,6605605,,,living,,,,,,,calibrate,,2016-11-21T08:06:57,living_room_0077
nyuv2.living_room_0076,nyuv2,living_room_0076,nyuv2,true,true,True,True,True,ply,3102935,,,living,,,,,,,decimate,,2016-11-21T08:06:57,living_room_0076
nyuv2.living_room_0075,nyuv2,living_room_0075,nyuv2,true,true,True,True,True,ply,6602594,,,living,,,,,,,decimate,,2016-11-21T08:06:57,living_room_0075
nyuv2.living_room_0074,nyuv2,living_room_0074,nyuv2,true,true,True,True,True,ply,9262012,,,living,,,,,,,decimate,,2016-11-21T08:06:57,living_room_0074
nyuv2.living_room_0042a,nyuv2,living_room_0042a,nyuv2,true,true,True,True,True,ply,7151650,,,living,,,,,,,decimate,,2016-11-21T08:06:53,living_room_0042a
nyuv2.bedroom_0038,nyuv2,bedroom_0038,nyuv2,true,true,True,True,True,ply,3696238,,,bedroom,,,,,,,decimate,,2016-11-21T08:06:26,bedroom_0038
nyuv2.bedroom_0039,nyuv2,bedroom_0039,nyuv2,true,true,True,True,True,ply,2911652,,,bedroom,,,,,,,decimate,,2016-11-21T08:06:26,bedroom_0039
nyuv2.bedroom_0036,nyuv2,bedroom_0036,nyuv2,true,true,True,True,True,ply,3239649,,,bedroom,,,,,,,decimate,,2016-11-21T08:06:26,bedroom_0036
nyuv2.bedroom_0037,nyuv2,bedroom_0037,nyuv2,true,true,True,True,True,ply,3690051,,,bedroom,,,,,,,decimate,,2016-11-21T08:06:26,bedroom_0037
nyuv2.bedroom_0034,nyuv2,bedroom_0034,nyuv2,true,true,True,True,True,ply,2058893,,,bedroom,,,,,,,decimate,,2016-11-21T08:06:26,bedroom_0034
nyuv2.bedroom_0035,nyuv2,bedroom_0035,nyuv2,true,true,True,True,True,ply,2768662,,,bedroom,,,,,,,decimate,,2016-11-21T08:06:26,bedroom_0035
nyuv2.bedroom_0032,nyuv2,bedroom_0032,nyuv2,true,true,True,True,True,ply,3143024,,,bedroom,,,,,,,decimate,,2016-11-21T08:06:26,bedroom_0032
nyuv2.bedroom_0033,nyuv2,bedroom_0033,nyuv2,true,true,True,True,True,ply,2970834,,,bedroom,,,,,,,decimate,,2016-11-21T08:06:26,bedroom_0033
nyuv2.bedroom_0030,nyuv2,bedroom_0030,nyuv2,true,true,True,True,True,ply,3621064,,,bedroom,,,,,,,decimate,,2016-11-21T08:06:26,bedroom_0030
nyuv2.bedroom_0031,nyuv2,bedroom_0031,nyuv2,true,true,True,True,True,ply,5140203,,,bedroom,,,,,,,decimate,,2016-11-21T08:06:26,bedroom_0031
nyuv2.office_0015,nyuv2,office_0015,nyuv2,true,true,True,True,True,ply,5842567,,,office,,,,,,,decimate,,2016-11-21T08:06:59,office_0015
nyuv2.office_0026,nyuv2,office_0026,nyuv2,true,true,True,True,True,ply,7167981,,,office,,,,,,,decimate,,2016-11-21T08:07:00,office_0026
nyuv2.living_room_0069a,nyuv2,living_room_0069a,nyuv2,true,true,True,True,True,ply,3740680,,,living,,,,,,,decimate,,2016-11-21T08:06:56,living_room_0069a
nyuv2.kitchen_0011b,nyuv2,kitchen_0011b,nyuv2,true,true,True,True,True,ply,953675,,,kitchen,,,,,,,decimate,,2016-11-21T08:06:45,kitchen_0011b
nyuv2.kitchen_0011a,nyuv2,kitchen_0011a,nyuv2,true,true,True,True,True,ply,1618701,,,kitchen,,,,,,,decimate,,2016-11-21T08:06:45,kitchen_0011a
nyuv2.bedroom_0089,nyuv2,bedroom_0089,nyuv2,true,true,True,True,True,ply,2817125,,,bedroom,,,,,,,decimate,,2016-11-21T08:06:31,bedroom_0089
nyuv2.bedroom_0088,nyuv2,bedroom_0088,nyuv2,true,true,True,True,True,ply,3063921,,,bedroom,,,,,,,decimate,,2016-11-21T08:06:31,bedroom_0088
nyuv2.bedroom_0083,nyuv2,bedroom_0083,nyuv2,true,true,True,True,True,ply,4090466,,,bedroom,,,,,,,decimate,,2016-11-21T08:06:30,bedroom_0083
nyuv2.bedroom_0082,nyuv2,bedroom_0082,nyuv2,true,true,True,True,True,ply,2070575,,,bedroom,,,,,,,decimate,,2016-11-21T08:06:30,bedroom_0082
nyuv2.bedroom_0081,nyuv2,bedroom_0081,nyuv2,true,true,True,True,True,ply,4723208,,,bedroom,,,,,,,decimate,,2016-11-21T08:06:30,bedroom_0081
nyuv2.bedroom_0080,nyuv2,bedroom_0080,nyuv2,true,true,True,True,True,ply,3995574,,,bedroom,,,,,,,decimate,,2016-11-21T08:06:30,bedroom_0080
nyuv2.bedroom_0087,nyuv2,bedroom_0087,nyuv2,true,true,True,True,True,ply,3338836,,,bedroom,,,,,,,decimate,,2016-11-21T08:06:30,bedroom_0087
nyuv2.bedroom_0086,nyuv2,bedroom_0086,nyuv2,true,true,True,True,True,ply,6062434,,,bedroom,,,,,,,decimate,,2016-11-21T08:06:30,bedroom_0086
nyuv2.bedroom_0085,nyuv2,bedroom_0085,nyuv2,true,true,True,True,True,ply,5607127,,,bedroom,,,,,,,decimate,,2016-11-21T08:06:30,bedroom_0085
nyuv2.bedroom_0084,nyuv2,bedroom_0084,nyuv2,true,true,True,True,True,ply,5592097,,,bedroom,,,,,,,decimate,,2016-11-21T08:06:30,bedroom_0084
nyuv2.living_room_0045,nyuv2,living_room_0045,nyuv2,true,true,True,True,True,ply,11515752,,,living,,,,,,,decimate,,2016-11-21T08:06:54,living_room_0045
nyuv2.bedroom_0108,nyuv2,bedroom_0108,nyuv2,true,true,True,True,True,ply,4139107,,,bedroom,,,,,,,decimate,,2016-11-21T08:06:32,bedroom_0108
nyuv2.bedroom_0109,nyuv2,bedroom_0109,nyuv2,true,true,True,True,True,ply,3114898,,,bedroom,,,,,,,decimate,,2016-11-21T08:06:32,bedroom_0109
nyuv2.living_room_0040,nyuv2,living_room_0040,nyuv2,true,true,True,True,True,ply,11114396,,,living,,,,,,,decimate,,2016-11-21T08:06:53,living_room_0040
nyuv2.bedroom_0102,nyuv2,bedroom_0102,nyuv2,true,true,True,True,True,ply,2746339,,,bedroom,,,,,,,decimate,,2016-11-21T08:06:32,bedroom_0102
nyuv2.bedroom_0103,nyuv2,bedroom_0103,nyuv2,true,true,True,True,True,ply,5727175,,,bedroom,,,,,,,decimate,,2016-11-21T08:06:32,bedroom_0103
nyuv2.bedroom_0100,nyuv2,bedroom_0100,nyuv2,true,true,True,True,True,ply,5326917,,,bedroom,,,,,,,decimate,,2016-11-21T08:06:32,bedroom_0100
nyuv2.bedroom_0101,nyuv2,bedroom_0101,nyuv2,true,true,True,True,True,ply,4218632,,,bedroom,,,,,,,decimate,,2016-11-21T08:06:32,bedroom_0101
nyuv2.bedroom_0106,nyuv2,bedroom_0106,nyuv2,true,true,True,True,True,ply,4592857,,,bedroom,,,,,,,decimate,,2016-11-21T08:06:32,bedroom_0106
nyuv2.bedroom_0107,nyuv2,bedroom_0107,nyuv2,true,true,True,True,True,ply,2282551,,,bedroom,,,,,,,decimate,,2016-11-21T08:06:32,bedroom_0107
nyuv2.bedroom_0104,nyuv2,bedroom_0104,nyuv2,true,true,True,True,True,ply,4383055,,,bedroom,,,,,,,decimate,,2016-11-21T08:06:32,bedroom_0104
nyuv2.bedroom_0105,nyuv2,bedroom_0105,nyuv2,true,true,True,True,True,ply,1883704,,,bedroom,,,,,,,decimate,,2016-11-21T08:06:32,bedroom_0105
nyuv2.nyu_office_1,nyuv2,nyu_office_1,nyuv2,true,true,True,True,True,ply,7201991,,,nyu,,,,,,,decimate,,2016-11-21T08:06:58,nyu_office_1
nyuv2.office_0012,nyuv2,office_0012,nyuv2,true,true,True,True,True,ply,3711299,,,office,,,,,,,decimate,,2016-11-21T08:06:59,office_0012
nyuv2.bathroom_0014a,nyuv2,bathroom_0014a,nyuv2,true,true,True,True,True,ply,2025546,,,bathroom,,,,,,,decimate,,2016-11-21T08:06:20,bathroom_0014a
nyuv2.bathroom_0014b,nyuv2,bathroom_0014b,nyuv2,true,true,True,True,True,ply,2065796,,,bathroom,,,,,,,decimate,,2016-11-21T08:06:20,bathroom_0014b
nyuv2.basement_0001c,nyuv2,basement_0001c,nyuv2,true,true,True,True,True,ply,4944000,,,basement,,,,,,,decimate,,2016-11-21T08:06:19,basement_0001c
nyuv2.basement_0001b,nyuv2,basement_0001b,nyuv2,true,true,True,True,True,ply,2369164,,,basement,,,,,,,decimate,,2016-11-21T08:06:19,basement_0001b
nyuv2.basement_0001a,nyuv2,basement_0001a,nyuv2,true,true,True,True,True,ply,14027698,,,basement,,,,,,,decimate,,2016-11-21T08:06:19,basement_0001a
nyuv2.living_room_0042b,nyuv2,living_room_0042b,nyuv2,true,true,True,True,True,ply,7862162,,,living,,,,,,,decimate,,2016-11-21T08:06:53,living_room_0042b
nyuv2.office_kitchen_0003,nyuv2,office_kitchen_0003,nyuv2,true,true,True,True,True,ply,2611182,,,office,,,,,,,decimate,,2016-11-21T08:07:00,office_kitchen_0003
nyuv2.office_kitchen_0002,nyuv2,office_kitchen_0002,nyuv2,true,true,True,True,True,ply,7239086,,,office,,,,,,,decimate,,2016-11-21T08:07:00,office_kitchen_0002
nyuv2.living_room_0037,nyuv2,living_room_0037,nyuv2,true,true,True,True,True,ply,2824448,,,living,,,,,,,decimate,,2016-11-21T08:06:53,living_room_0037
nyuv2.living_room_0036,nyuv2,living_room_0036,nyuv2,true,true,True,True,True,ply,4454380,,,living,,,,,,,decimate,,2016-11-21T08:06:53,living_room_0036
nyuv2.living_room_0035,nyuv2,living_room_0035,nyuv2,true,true,True,True,True,ply,4361811,,,living,,,,,,,decimate,,2016-11-21T08:06:53,living_room_0035
nyuv2.living_room_0033,nyuv2,living_room_0033,nyuv2,true,true,True,True,True,ply,4017693,,,living,,,,,,,decimate,,2016-11-21T08:06:53,living_room_0033
nyuv2.living_room_0032,nyuv2,living_room_0032,nyuv2,true,true,True,True,True,ply,8291883,,,living,,,,,,,decimate,,2016-11-21T08:06:53,living_room_0032
nyuv2.living_room_0031,nyuv2,living_room_0031,nyuv2,true,true,True,True,True,ply,5843843,,,living,,,,,,,decimate,,2016-11-21T08:06:52,living_room_0031
nyuv2.living_room_0039,nyuv2,living_room_0039,nyuv2,true,true,True,True,True,ply,8480495,,,living,,,,,,,decimate,,2016-11-21T08:06:53,living_room_0039
nyuv2.living_room_0038,nyuv2,living_room_0038,nyuv2,true,true,True,True,True,ply,7387114,,,living,,,,,,,decimate,,2016-11-21T08:06:53,living_room_0038
nyuv2.kitchen_0060,nyuv2,kitchen_0060,nyuv2,true,true,True,True,True,ply,4988658,,,kitchen,,,,,,,decimate,,2016-11-21T08:06:49,kitchen_0060
nyuv2.dinette_0001,nyuv2,dinette_0001,nyuv2,true,true,True,True,True,ply,4959818,,,dinette,,,,,,,decimate,,2016-11-21T08:06:39,dinette_0001
nyuv2.patio_0001,nyuv2,patio_0001,nyuv2,true,true,True,True,True,ply,1618848,,,patio,,,,,,,decimate,,2016-11-21T08:07:01,patio_0001
nyuv2.living_room_0082,nyuv2,living_room_0082,nyuv2,true,true,True,True,True,ply,4740440,,,living,,,,,,,decimate,,2016-11-21T08:06:57,living_room_0082
nyuv2.living_room_0083,nyuv2,living_room_0083,nyuv2,true,true,True,True,True,ply,7382390,,,living,,,,,,,decimate,,2016-11-21T08:06:57,living_room_0083
nyuv2.living_room_0080,nyuv2,living_room_0080,nyuv2,true,true,True,True,True,ply,11504314,,,living,,,,,,,decimate,,2016-11-21T08:06:57,living_room_0080
nyuv2.reception_room_0002,nyuv2,reception_room_0002,nyuv2,true,true,True,True,True,ply,3913549,,,reception,,,,,,,decimate,,2016-11-21T08:07:01,reception_room_0002
nyuv2.living_room_0087,nyuv2,living_room_0087,nyuv2,true,true,True,True,True,ply,8879913,,,living,,,,,,,decimate,,2016-11-21T08:06:58,living_room_0087
nyuv2.living_room_0084,nyuv2,living_room_0084,nyuv2,true,true,True,True,True,ply,4675002,,,living,,,,,,,decimate,,2016-11-21T08:06:58,living_room_0084
nyuv2.living_room_0085,nyuv2,living_room_0085,nyuv2,true,true,True,True,True,ply,2902661,,,living,,,,,,,decimate,,2016-11-21T08:06:58,living_room_0085
nyuv2.living_room_0081a,nyuv2,living_room_0081a,nyuv2,true,true,True,True,True,ply,3879923,,,living,,,,,,,decimate,,2016-11-21T08:06:57,living_room_0081a
nyuv2.living_room_0081b,nyuv2,living_room_0081b,nyuv2,true,true,True,True,True,ply,5670715,,,living,,,,,,,decimate,,2016-11-21T08:06:57,living_room_0081b
nyuv2.living_room_0081c,nyuv2,living_room_0081c,nyuv2,true,true,True,True,True,ply,3928872,,,living,,,,,,,decimate,,2016-11-21T08:06:57,living_room_0081c
nyuv2.reception_room_0001a,nyuv2,reception_room_0001a,nyuv2,true,true,True,True,True,ply,6899466,,,reception,,,,,,,decimate,,2016-11-21T08:07:01,reception_room_0001a
nyuv2.reception_room_0001b,nyuv2,reception_room_0001b,nyuv2,true,true,True,True,True,ply,4843384,,,reception,,,,,,,decimate,,2016-11-21T08:07:01,reception_room_0001b
nyuv2.bathroom_0057,nyuv2,bathroom_0057,nyuv2,true,true,True,True,True,ply,604761,,,bathroom,,,,,,,decimate,,2016-11-21T08:06:23,bathroom_0057
nyuv2.bathroom_0056,nyuv2,bathroom_0056,nyuv2,true,true,True,True,True,ply,990852,,,bathroom,,,,,,,decimate,,2016-11-21T08:06:23,bathroom_0056
nyuv2.bathroom_0055,nyuv2,bathroom_0055,nyuv2,true,true,True,True,True,ply,1744942,,,bathroom,,,,,,,decimate,,2016-11-21T08:06:23,bathroom_0055
nyuv2.bathroom_0054,nyuv2,bathroom_0054,nyuv2,true,true,True,True,True,ply,636972,,,bathroom,,,,,,,decimate,,2016-11-21T08:06:23,bathroom_0054
nyuv2.bathroom_0053,nyuv2,bathroom_0053,nyuv2,true,true,True,True,True,ply,1020630,,,bathroom,,,,,,,decimate,,2016-11-21T08:06:23,bathroom_0053
nyuv2.bathroom_0052,nyuv2,bathroom_0052,nyuv2,true,true,True,True,True,ply,1346467,,,bathroom,,,,,,,decimate,,2016-11-21T08:06:23,bathroom_0052
nyuv2.bathroom_0051,nyuv2,bathroom_0051,nyuv2,true,true,True,True,True,ply,1680620,,,bathroom,,,,,,,decimate,,2016-11-21T08:06:23,bathroom_0051
nyuv2.bathroom_0050,nyuv2,bathroom_0050,nyuv2,true,true,True,True,True,ply,1738161,,,bathroom,,,,,,,decimate,,2016-11-21T08:06:22,bathroom_0050
nyuv2.bathroom_0058,nyuv2,bathroom_0058,nyuv2,true,true,True,True,True,ply,1432910,,,bathroom,,,,,,,decimate,,2016-11-21T08:06:23,bathroom_0058
nyuv2.office_0022a,nyuv2,office_0022a,nyuv2,true,true,True,True,True,ply,2359542,,,office,,,,,,,decimate,,2016-11-21T08:07:00,office_0022a
nyuv2.office_0022b,nyuv2,office_0022b,nyuv2,true,true,True,True,True,ply,2047797,,,office,,,,,,,decimate,,2016-11-21T08:07:00,office_0022b
nyuv2.kitchen_0001c,nyuv2,kitchen_0001c,nyuv2,true,true,True,True,True,ply,1485147,,,kitchen,,,,,,,decimate,,2016-11-21T08:06:44,kitchen_0001c
nyuv2.kitchen_0001b,nyuv2,kitchen_0001b,nyuv2,true,true,True,True,True,ply,3171601,,,kitchen,,,,,,,decimate,,2016-11-21T08:06:44,kitchen_0001b
nyuv2.kitchen_0001a,nyuv2,kitchen_0001a,nyuv2,true,true,True,True,True,ply,3267527,,,kitchen,,,,,,,decimate,,2016-11-21T08:06:44,kitchen_0001a
nyuv2.kitchen_0034b,nyuv2,kitchen_0034b,nyuv2,true,true,True,True,True,ply,4382115,,,kitchen,,,,,,,decimate,,2016-11-21T08:06:47,kitchen_0034b
nyuv2.kitchen_0034a,nyuv2,kitchen_0034a,nyuv2,true,true,True,True,True,ply,4963079,,,kitchen,,,,,,,decimate,,2016-11-21T08:06:47,kitchen_0034a
nyuv2.kitchen_0026a,nyuv2,kitchen_0026a,nyuv2,true,true,True,True,True,ply,3134394,,,kitchen,,,,,,,decimate,,2016-11-21T08:06:46,kitchen_0026a
nyuv2.bedroom_0140,nyuv2,bedroom_0140,nyuv2,true,true,True,True,True,ply,4379197,,,bedroom,,,,,,,decimate,,2016-11-21T08:06:35,bedroom_0140
nyuv2.bedroom_0065,nyuv2,bedroom_0065,nyuv2,true,true,True,True,True,ply,3657957,,,bedroom,,,,,,,decimate,,2016-11-21T08:06:29,bedroom_0065
nyuv2.bedroom_0064,nyuv2,bedroom_0064,nyuv2,true,true,True,True,True,ply,3449473,,,bedroom,,,,,,,decimate,,2016-11-21T08:06:29,bedroom_0064
nyuv2.bedroom_0066,nyuv2,bedroom_0066,nyuv2,true,true,True,True,True,ply,3361256,,,bedroom,,,,,,,decimate,,2016-11-21T08:06:29,bedroom_0066
nyuv2.bedroom_0061,nyuv2,bedroom_0061,nyuv2,true,true,True,True,True,ply,3746155,,,bedroom,,,,,,,decimate,,2016-11-21T08:06:28,bedroom_0061
nyuv2.bedroom_0060,nyuv2,bedroom_0060,nyuv2,true,true,True,True,True,ply,3144296,,,bedroom,,,,,,,decimate,,2016-11-21T08:06:28,bedroom_0060
nyuv2.bedroom_0063,nyuv2,bedroom_0063,nyuv2,true,true,True,True,True,ply,5880453,,,bedroom,,,,,,,decimate,,2016-11-21T08:06:28,bedroom_0063
nyuv2.bedroom_0062,nyuv2,bedroom_0062,nyuv2,true,true,True,True,True,ply,6675555,,,bedroom,,,,,,,decimate,,2016-11-21T08:06:28,bedroom_0062
nyuv2.living_room_0047b,nyuv2,living_room_0047b,nyuv2,true,true,True,True,True,ply,11016295,,,living,,,,,,,decimate,,2016-11-21T08:06:54,living_room_0047b
nyuv2.living_room_0047a,nyuv2,living_room_0047a,nyuv2,true,true,True,True,True,ply,4574088,,,living,,,,,,,decimate,,2016-11-21T08:06:54,living_room_0047a
nyuv2.bedroom_0069,nyuv2,bedroom_0069,nyuv2,true,true,True,True,True,ply,3387058,,,bedroom,,,,,,,decimate,,2016-11-21T08:06:29,bedroom_0069
nyuv2.bedroom_0068,nyuv2,bedroom_0068,nyuv2,true,true,True,True,True,ply,5133265,,,bedroom,,,,,,,decimate,,2016-11-21T08:06:29,bedroom_0068
nyuv2.bedroom_0133b,nyuv2,bedroom_0133b,nyuv2,true,true,True,True,True,ply,1718798,,,bedroom,,,,,,,decimate,,2016-11-21T08:06:34,bedroom_0133b
nyuv2.bedroom_0134a,nyuv2,bedroom_0134a,nyuv2,true,true,True,True,True,ply,1758126,,,bedroom,,,,,,,decimate,,2016-11-21T08:06:34,bedroom_0134a
nyuv2.bedroom_0134b,nyuv2,bedroom_0134b,nyuv2,true,true,True,True,True,ply,1715883,,,bedroom,,,,,,,decimate,,2016-11-21T08:06:35,bedroom_0134b
nyuv2.living_room_0010,nyuv2,living_room_0010,nyuv2,true,true,True,True,True,ply,7424984,,,living,,,,,,,decimate,,2016-11-21T08:06:51,living_room_0010
nyuv2.computer_lab_0002,nyuv2,computer_lab_0002,nyuv2,true,true,True,True,True,ply,2169868,,,computer,,,,,,,decimate,,2016-11-21T08:06:39,computer_lab_0002
nyuv2.computer_lab_0001,nyuv2,computer_lab_0001,nyuv2,true,true,True,True,True,ply,15093409,,,computer,,,,,,,decimate,,2016-11-21T08:06:39,computer_lab_0001
nyuv2.office_kitchen_0001b,nyuv2,office_kitchen_0001b,nyuv2,true,true,True,True,True,ply,1611476,,,office,,,,,,,decimate,,2016-11-21T08:07:00,office_kitchen_0001b
nyuv2.office_kitchen_0001a,nyuv2,office_kitchen_0001a,nyuv2,true,true,True,True,True,ply,2314530,,,office,,,,,,,decimate,,2016-11-21T08:07:00,office_kitchen_0001a
nyuv2.library_0002b,nyuv2,library_0002b,nyuv2,false,,True,True,True,ply,1321487,,,library,,,,,,,calibrate,,2016-11-21T08:06:50,library_0002b
nyuv2.library_0002a,nyuv2,library_0002a,nyuv2,false,,True,True,True,ply,4225060,,,library,,,,,,,calibrate,,2016-11-21T08:06:50,library_0002a
nyuv2.dining_room_0037,nyuv2,dining_room_0037,nyuv2,true,true,True,True,True,ply,6905893,,,dining,,,,,,,decimate,,2016-11-21T08:06:42,dining_room_0037
nyuv2.dining_room_0036,nyuv2,dining_room_0036,nyuv2,true,true,True,True,True,ply,11770093,,,dining,,,,,,,decimate,,2016-11-21T08:06:42,dining_room_0036
nyuv2.dining_room_0035,nyuv2,dining_room_0035,nyuv2,true,true,True,True,True,ply,8494001,,,dining,,,,,,,decimate,,2016-11-21T08:06:42,dining_room_0035
nyuv2.dining_room_0034,nyuv2,dining_room_0034,nyuv2,true,true,True,True,True,ply,10129508,,,dining,,,,,,,decimate,,2016-11-21T08:06:41,dining_room_0034
nyuv2.dining_room_0033,nyuv2,dining_room_0033,nyuv2,true,true,True,True,True,ply,4958115,,,dining,,,,,,,decimate,,2016-11-21T08:06:41,dining_room_0033
nyuv2.dining_room_0032,nyuv2,dining_room_0032,nyuv2,true,true,True,True,True,ply,9366859,,,dining,,,,,,,decimate,,2016-11-21T08:06:41,dining_room_0032
nyuv2.dining_room_0031,nyuv2,dining_room_0031,nyuv2,true,true,True,True,True,ply,15344742,,,dining,,,,,,,decimate,,2016-11-21T08:06:41,dining_room_0031
nyuv2.dining_room_0030,nyuv2,dining_room_0030,nyuv2,true,true,True,True,True,ply,8086282,,,dining,,,,,,,decimate,,2016-11-21T08:06:41,dining_room_0030
nyuv2.dining_room_0038,nyuv2,dining_room_0038,nyuv2,true,true,True,True,True,ply,4149495,,,dining,,,,,,,decimate,,2016-11-21T08:06:42,dining_room_0038
nyuv2.dining_room_0020,nyuv2,dining_room_0020,nyuv2,true,true,True,True,True,ply,9609440,,,dining,,,,,,,decimate,,2016-11-21T08:06:40,dining_room_0020
nyuv2.bathroom_0016,nyuv2,bathroom_0016,nyuv2,true,true,True,True,True,ply,1610308,,,bathroom,,,,,,,decimate,,2016-11-21T08:06:20,bathroom_0016
nyuv2.living_room_0069b,nyuv2,living_room_0069b,nyuv2,true,true,True,True,True,ply,14074085,,,living,,,,,,,decimate,,2016-11-21T08:06:56,living_room_0069b
nyuv2.classroom_0008,nyuv2,classroom_0008,nyuv2,true,true,True,True,True,ply,8722000,,,classroom,,,,,,,decimate,,2016-11-21T08:06:37,classroom_0008
nyuv2.classroom_0009,nyuv2,classroom_0009,nyuv2,true,true,True,True,True,ply,9636060,,,classroom,,,,,,,decimate,,2016-11-21T08:06:37,classroom_0009
nyuv2.dining_room_0022,nyuv2,dining_room_0022,nyuv2,true,true,True,True,True,ply,5017218,,,dining,,,,,,,decimate,,2016-11-21T08:06:41,dining_room_0022
nyuv2.living_room_0048,nyuv2,living_room_0048,nyuv2,true,true,True,True,True,ply,6375875,,,living,,,,,,,decimate,,2016-11-21T08:06:54,living_room_0048
nyuv2.classroom_0003,nyuv2,classroom_0003,nyuv2,true,true,True,True,True,ply,6684956,,,classroom,,,,,,,decimate,,2016-11-21T08:06:36,classroom_0003
nyuv2.living_room_0044,nyuv2,living_room_0044,nyuv2,true,true,True,True,True,ply,7247921,,,living,,,,,,,decimate,,2016-11-21T08:06:54,living_room_0044
nyuv2.kitchen_0031,nyuv2,kitchen_0031,nyuv2,true,true,True,True,True,ply,4592558,,,kitchen,,,,,,,decimate,,2016-11-21T08:06:47,kitchen_0031
nyuv2.classroom_0006,nyuv2,classroom_0006,nyuv2,true,true,True,True,True,ply,16080091,,,classroom,,,,,,,decimate,,2016-11-21T08:06:37,classroom_0006
nyuv2.classroom_0007,nyuv2,classroom_0007,nyuv2,true,true,True,True,True,ply,8276157,,,classroom,,,,,,,decimate,,2016-11-21T08:06:37,classroom_0007
nyuv2.classroom_0004,nyuv2,classroom_0004,nyuv2,true,true,True,True,True,ply,9219656,,,classroom,,,,,,,decimate,,2016-11-21T08:06:37,classroom_0004
nyuv2.classroom_0005,nyuv2,classroom_0005,nyuv2,true,true,True,True,True,ply,5326472,,,classroom,,,,,,,decimate,,2016-11-21T08:06:37,classroom_0005
nyuv2.dentist_office_0001,nyuv2,dentist_office_0001,nyuv2,true,true,True,True,True,ply,2998718,,,dentist,,,,,,,decimate,,2016-11-21T08:06:39,dentist_office_0001
nyuv2.dentist_office_0002,nyuv2,dentist_office_0002,nyuv2,true,true,True,True,True,ply,2816183,,,dentist,,,,,,,decimate,,2016-11-21T08:06:39,dentist_office_0002
nyuv2.kitchen_0019b,nyuv2,kitchen_0019b,nyuv2,true,true,True,True,True,ply,4342890,,,kitchen,,,,,,,decimate,,2016-11-21T08:06:46,kitchen_0019b
nyuv2.kitchen_0019a,nyuv2,kitchen_0019a,nyuv2,true,true,True,True,True,ply,13858633,,,kitchen,,,,,,,decimate,,2016-11-21T08:06:46,kitchen_0019a
nyuv2.conference_room_0002,nyuv2,conference_room_0002,nyuv2,true,true,True,True,True,ply,1856386,,,conference,,,,,,,decimate,,2016-11-21T08:06:39,conference_room_0002
nyuv2.conference_room_0001,nyuv2,conference_room_0001,nyuv2,true,true,True,True,True,ply,4485268,,,conference,,,,,,,decimate,,2016-11-21T08:06:39,conference_room_0001
nyuv2.kitchen_0054,nyuv2,kitchen_0054,nyuv2,true,true,True,True,True,ply,9591183,,,kitchen,,,,,,,decimate,,2016-11-21T08:06:49,kitchen_0054
nyuv2.kitchen_0055,nyuv2,kitchen_0055,nyuv2,true,true,True,True,True,ply,1100392,,,kitchen,,,,,,,decimate,,2016-11-21T08:06:49,kitchen_0055
nyuv2.kitchen_0057,nyuv2,kitchen_0057,nyuv2,true,true,True,True,True,ply,3683522,,,kitchen,,,,,,,decimate,,2016-11-21T08:06:49,kitchen_0057
nyuv2.kitchen_0050,nyuv2,kitchen_0050,nyuv2,true,true,True,True,True,ply,9931579,,,kitchen,,,,,,,decimate,,2016-11-21T08:06:48,kitchen_0050
nyuv2.kitchen_0051,nyuv2,kitchen_0051,nyuv2,true,true,True,True,True,ply,14196651,,,kitchen,,,,,,,decimate,,2016-11-21T08:06:48,kitchen_0051
nyuv2.kitchen_0052,nyuv2,kitchen_0052,nyuv2,true,true,True,True,True,ply,4914262,,,kitchen,,,,,,,decimate,,2016-11-21T08:06:49,kitchen_0052
nyuv2.kitchen_0053,nyuv2,kitchen_0053,nyuv2,true,true,True,True,True,ply,9007918,,,kitchen,,,,,,,decimate,,2016-11-21T08:06:49,kitchen_0053
nyuv2.kitchen_0058,nyuv2,kitchen_0058,nyuv2,true,true,True,True,True,ply,2102598,,,kitchen,,,,,,,decimate,,2016-11-21T08:06:49,kitchen_0058
nyuv2.kitchen_0059,nyuv2,kitchen_0059,nyuv2,true,true,True,True,True,ply,1509554,,,kitchen,,,,,,,decimate,,2016-11-21T08:06:49,kitchen_0059
nyuv2.reception_room_0004,nyuv2,reception_room_0004,nyuv2,true,true,True,True,True,ply,3381444,,,reception,,,,,,,decimate,,2016-11-21T08:07:01,reception_room_0004
nyuv2.kitchen_0029a,nyuv2,kitchen_0029a,nyuv2,true,true,True,True,True,ply,4082120,,,kitchen,,,,,,,decimate,,2016-11-21T08:06:46,kitchen_0029a
nyuv2.kitchen_0029c,nyuv2,kitchen_0029c,nyuv2,true,true,True,True,True,ply,9931581,,,kitchen,,,,,,,decimate,,2016-11-21T08:06:46,kitchen_0029c
nyuv2.kitchen_0029b,nyuv2,kitchen_0029b,nyuv2,true,true,True,True,True,ply,4458678,,,kitchen,,,,,,,decimate,,2016-11-21T08:06:46,kitchen_0029b
nyuv2.study_0005,nyuv2,study_0005,nyuv2,true,true,True,True,True,ply,3322668,,,study,,,,,,,decimate,,2016-11-21T08:07:02,study_0005
nyuv2.study_0008,nyuv2,study_0008,nyuv2,true,true,True,True,True,ply,2097800,,,study,,,,,,,decimate,,2016-11-21T08:07:02,study_0008
nyuv2.bathroom_0008,nyuv2,bathroom_0008,nyuv2,true,true,True,True,True,ply,329938,,,bathroom,,,,,,,decimate,,2016-11-21T08:06:19,bathroom_0008
nyuv2.bathroom_0009,nyuv2,bathroom_0009,nyuv2,true,true,True,True,True,ply,626435,,,bathroom,,,,,,,decimate,,2016-11-21T08:06:19,bathroom_0009
nyuv2.bathroom_0004,nyuv2,bathroom_0004,nyuv2,true,true,True,True,True,ply,1045710,,,bathroom,,,,,,,decimate,,2016-11-21T08:06:19,bathroom_0004
nyuv2.bathroom_0005,nyuv2,bathroom_0005,nyuv2,true,true,True,True,True,ply,591897,,,bathroom,,,,,,,decimate,,2016-11-21T08:06:19,bathroom_0005
nyuv2.bathroom_0006,nyuv2,bathroom_0006,nyuv2,true,true,True,True,True,ply,767248,,,bathroom,,,,,,,decimate,,2016-11-21T08:06:19,bathroom_0006
nyuv2.bathroom_0007,nyuv2,bathroom_0007,nyuv2,true,true,True,True,True,ply,1511136,,,bathroom,,,,,,,decimate,,2016-11-21T08:06:19,bathroom_0007
nyuv2.study_0004,nyuv2,study_0004,nyuv2,true,true,True,True,True,ply,7527889,,,study,,,,,,,decimate,,2016-11-21T08:07:02,study_0004
nyuv2.bathroom_0001,nyuv2,bathroom_0001,nyuv2,true,true,True,True,True,ply,687826,,,bathroom,,,,,,,decimate,,2016-11-21T08:06:19,bathroom_0001
nyuv2.bathroom_0002,nyuv2,bathroom_0002,nyuv2,true,true,True,True,True,ply,979675,,,bathroom,,,,,,,decimate,,2016-11-21T08:06:19,bathroom_0002
nyuv2.bathroom_0003,nyuv2,bathroom_0003,nyuv2,true,true,True,True,True,ply,602894,,,bathroom,,,,,,,decimate,,2016-11-21T08:06:19,bathroom_0003